title,date
投机基金仍然看空大豆市场，但是过去一周减持净空单,2019/6/6
香港查出非洲猪瘟病毒感染政府销毁上水屠宰场600头生猪,2019/5/13
投机基金在CBOT大豆期市的净空单创下15个月新高,2019/4/25
西藏自治区林芝市发生非洲猪瘟疫情,2019/4/8
大商所发布2018年自律监管工作报告 正加快推进黄大豆1号等品种国际化,2019/2/12
黑龙江新品系大豆 蛋白含量创47.96%新高,2019/1/18
中国需要支持国内大豆种植户 以增强食品安全,2019/1/3
商务部：中美已就明年一月贸易会谈做出安排,2018/12/28
我国调整部分商品进出口关税 杂粕进口税率从5%调整为0,2018/12/25
有关允许阿根廷豆粕出口中国的谈判停滞不前,2018/11/26
2018年中国黑龙江省玉米补贴大幅削减，大豆补贴翻倍,2018/11/9
周三中国通过拍卖会售出9.7万吨国储大豆,2018/10/18
对美国约600亿美元进口商品加征关税的公告,2018/9/25
对美国约600亿美元进口商品加征关税的公告,2018/9/19
内蒙古自治区锡林郭勒盟正蓝旗发生非洲猪瘟疫情,2018/9/18
中国大豆用量预期放慢,2018/9/17
中国海关：埃塞俄比亚大豆可以正式向我国出口,2018/9/7
江苏省无锡市宜兴市发生非洲猪瘟疫情,2018/9/4
国务院：决定对美600亿美元进口商品加征关税,2018/8/6
外交部长王毅：中美在大方向上达成一致,2018/8/6
中国买家取消采购美国大豆,2018/8/3
中国停止进口美豆，其他进口国抢购美国供应,2018/7/16
中储粮集团：中国不需要采购美国大豆用于国储库存,2018/7/13
国内商品夜盘大豆及豆粕冲高回落,2018/5/5
农业农村部：今年东北种植大豆政策含金量高,2018/4/19
商务部公布对原产于美国的进口高粱反倾销调查初步裁定,2018/4/17
农业农村部：大豆进口供应预计基本正常,2018/4/10
今年黑龙江省大豆种植意向减少,2018/4/2
大商所调整黄大豆2号品种指定交割库,2018/3/19
市场消息：吉林大豆加工补贴确定为300元/吨,2018/3/19
上期能源负责人回应原油期货市场热点问题,2018/3/8
吉林发布饲料加工和大豆加工企业补贴申报,2018/3/1
江苏3口岸成首批进口期货大豆指定口岸,2018/2/28
2018年我国轮作休耕制度试点规模将扩大一倍,2018/1/2
黑龙江粮食交易市场将举办大豆销售专场,2017/12/27
主产区累计收购中晚稻、玉米和大豆11009万吨,2017/12/26
消息人士：特朗普访问中国期间 中国买家或签订大豆采购协议,2017/11/8
临储大豆拍卖10年产全部成交,2017/10/13
大商所在京举行黄大豆2号新合约规则宣讲会,2017/9/28
29日国家临储大豆竞价销售30万吨,2017/9/26
黑龙江省2017年优质高效大豆品种种植区划布局,2017/4/24
报告预计未来10年我国粮食供需将由阶段性供大于求转向基本平衡,2017/4/21
农产品增值税税率从13%降至11%,2017/4/20
种植面积缩减 中国玉米产量料降至六年最低,2017/4/18
中国政策或改变大豆国际市场格局,2017/4/18
国内忧虑大豆进口依赖度过高,2017/4/17
首周表现理性 豆粕期权实现稳起步,2017/4/10
厄尔尼诺现象担忧将给棕榈油价格带来支撑,2017/4/6
短期棕榈油价格仍有支撑 长期将趋弱,2017/4/6
棕榈油短线反弹但难反转,2017/4/6
棕榈油内外交困弱势下行,2017/4/6
棕榈油 中长期承压,2017/4/6
棕榈油后市还能否“雄起”？,2017/4/6
印度尼西亚降低4月份的毛棕榈油出口税,2017/4/6
棕油产区卖货小 出口报价上涨,2017/4/6
供应增长较快 棕榈油短期反弹遇阻,2017/4/6
棕榈油价格下滑 追随CBOT豆油跌势,2017/4/6
棕榈油市场呈现供大于求走势,2017/4/6
棕榈油反弹行情会否夭折？,2017/4/6
棕榈油反弹乏力，突破困局仍需时日,2017/4/6
3月后棕榈油产销区库存均增加,2017/4/6
棕榈油价格下跌，追随豆油期货走软,2017/4/6
棕榈油价格下滑 追随豆油跌势,2017/4/6
2017雨季期马来降水及棕榈油供需简析,2017/4/6
受厄尔尼诺天气影响 马来西亚增加进口印尼棕榈油,2017/4/6
缺乏有效利多 棕榈油偏弱格局不改,2017/4/6
"消费淡季制约,棕榈油下行基调难改",2017/4/6
大商所豆粕期权今日挂牌交易,2017/3/31
豆粕期权要来了 这些知识你都知道吗？,2017/3/31
商品期权时代来了！豆粕期权今日亮相大商所,2017/3/31
为迎接豆粕期权上市 大商所今晚不进行夜盘交易,2017/3/30
做市商 — —豆粕期权市场的“润滑剂”,2017/3/29
豆粕期权上市倒计时 市场各方积极备战,2017/3/29
豆粕期权测试严把入市关 通过率不足20%,2017/3/28
豆粕期权3月31日挂牌交易 全市场准备就绪,2017/3/27
大商所发布豆粕期权异常交易监管有关事项的说明,2017/3/27
中国大豆进口量有望连续第14个年度增加,2017/3/24
截至3月10日秋粮收购突破1.7亿吨,2017/3/20
广东湛江从美豆中截获12种有毒害物质,2017/3/20
宗庆后对洋粮说不　中国农业多年学费白交,2017/3/20
详解豆粕期权合约挂盘设计,2017/3/15
豆粕期权行权价格间距的确定,2017/3/14
豆粕期权采用美式期权行权方式,2017/3/10
饲料及养殖企业积极学习豆粕期权,2017/3/7
大商所总经理王凤海：本月将推出豆粕期权,2017/3/7
推出商品期权符合市场发展需要,2017/3/6
豆粕库存增加 胀库致大豆压榨减少,2017/3/6
内蒙古扎兰屯市去年粮食总产量实现21.04亿斤,2017/3/6
白糖、豆粕期权也将开展夜盘交易,2017/2/22
2月我国美豆到港量预计在380万吨左右,2017/2/22
大豆交易 中国巴西搭新平台,2017/2/20
去年主要农产品合格率为97.5%,2017/2/20
豆粕期权即将上市 期权买方应该如何选择协定价格建立头寸？,2017/2/14
大商所举办豆粕期权业务会员视频培训,2017/2/14
农业部部署落实中央一号文件重点工作,2017/2/7
2017年主要农产品价格运行趋势,2017/1/3
主产区累计收购新大豆77万吨,2016/12/20
大商所就豆粕期权合约及规则公开征求意见,2016/12/19
白糖、豆粕期权获批准备时间约需3个月,2016/12/19
政策为黄大豆2号期货合约再造扫除障碍,2016/12/6
企业参与黄大豆2号期货市场有了“绿色通道”,2016/12/5
大商所总经理王凤海：加快推出豆粕期权,2016/11/10
运用短期新作期权规避大豆和玉米价格波动风险,2016/10/25
国务院：中国将下调玉米种植面积 提升大豆种植面积,2016/10/21
国务院印发全国农业现代化规划,2016/10/21
中方批准俄对华小麦、玉米、大米、大豆和菜籽出口商和相应粮库名单,2016/10/11
黑龙江非转大豆面积缩减至140万公顷,2016/9/20
大豆到港量不及预期提振豆粕价格 预计库存将继续回落,2016/9/13
辽宁省下发2015年大豆目标价格补贴,2016/9/9
国家粮油信息中心上调大豆播种面积和大豆产量预估,2016/9/9
临储大豆成交还不足1/4,2016/9/9
黑龙江开展玉米改种大豆轮作补贴试点 料令明年大豆种植面积大幅增加,2016/9/6
全国大宗油料作物生产发展规划印发,2016/9/4
产业观察：中国大豆 路在何方,2016/8/22
8月19日国家临时存储大豆竞价销售交易公告,2016/8/17
成交价/成交率双跳水的临储大豆遇上何去何从的菜籽,2016/8/15
张家港国检局多道关卡保进口大豆安全,2016/8/11
玉米大豆补贴分配结果出台,2016/8/10
大豆利好集中显现（图）,2016/8/5
我国大豆进口或出现十五年来首度下滑（图）,2016/7/27
黑龙江省启动2015年度大豆目标价格补贴资金发放,2016/7/27
90%的大豆消费竟然来自国外！（图）,2016/7/27
余粮减少明显 进入7月份国内大豆市场价格呈现涨势（图）,2016/7/27
未来我国大豆进口量或达1亿吨（图）,2016/7/27
大豆想上天　和太阳肩并肩？（图）,2016/7/27
巴西：大豆短缺 价格创历史新高,2016/7/27
豆价上涨将提振美国大豆播种面积（图）,2016/7/27
农业部安排560万元资金支持大豆产业（图）,2016/7/27
大豆耐逆分子机制研究取得进展,2016/7/27
政策扶持下“大豆进玉米退”（图）,2016/7/27
玉米改种大豆？东北地区玉米种植面积变化不大（图）,2016/7/27
安徽濉溪县夏播大豆不用愁,2016/7/27
农业部备用35亿用于大豆补贴（图）,2016/7/27
农业部关于促进大豆生产发展的指导意见,2016/7/27
如何破解“大豆困局”的难题？（图）,2016/7/27
国内大豆产量连年减产 今年将显著提升,2016/7/27
内蒙古鄂伦春大豆新品种展示示范区顺利播种,2016/7/27
让大豆在玉米地里茁壮成长！（图）,2016/7/27
2016年5月13日大豆杀虫剂价格,2016/7/27
大豆产量越高 每斤补贴却越少（图）,2016/7/27
中国的玉米可能成为“第二个大豆”吗?（图）,2016/7/27
国储大豆竞拍成交率下滑,2016/7/25
7月22日国家拍卖临储大豆57.93万吨,2016/7/22
昨日美豆价格大幅下跌 我国大豆进口成本回落,2016/7/20
中粮、中纺昨日在京启动重组,2016/7/19
中粮收编中纺资产规模或超5000亿,2016/7/19
国储大豆抛售成交火热,2016/7/18
中国将在周五拍卖30万吨临储大豆库存 将缓解供应短缺局面,2016/7/15
未来五年山东调减玉米 重点发展大豆,2016/7/13
黑龙江启动2015年度大豆目标价格补贴资金发放,2016/7/8
农业部安排560万资金支持非转基因大豆发展,2016/6/20
黑龙江省大豆协会召开第二届第一次理事会会议,2016/6/15
农产品大热之际 最新的美国农业部报告又来了,2016/6/12
美豆价格继续大幅上涨 我国大豆进口成本上升,2016/6/12
美豆价格继续大幅上涨 我国大豆进口成本上升,2016/6/3
粮通社：本周三起临储大豆定期拍卖,2016/5/31
国内大豆收购价格走势偏强 国外棕榈油价格预估下调,2016/5/23
国内大豆产量连年减产 今年显著提升,2016/5/20
2020年阜阳小麦大豆良种将自给有余,2016/5/16
政策改革影响中国大豆产量和需求,2016/5/16
农业部回应农民忧改种大豆效益不如玉米：将补贴,2016/5/6
农业部：玉米不会成为“第二个大豆”（图）,2016/5/6
农业部：对大豆种植户给予补助（图）,2016/5/6
大豆种植面积由减半到增四成（图）,2016/5/4
农业部发布种植结构调整规划,2016/4/29
国产大豆距离春天还有多远？（图）,2016/4/29
大豆：涨势尚未终结,2016/4/27
促进大豆生产农业供给侧结构性改革来了（图）,2016/4/21
2016年东北地区大豆春播技术指导意见,2016/4/20
2016年东北地区大豆春播技术指导意见（图）,2016/4/20
商务部等12部门印发《关于加强公益性农产品市场体系建设的指导意见》,2016/4/19
为何要大力发展优质高蛋白大豆？（图）,2016/4/19
解读《促进大豆生产发展指导意见》（图）,2016/4/19
大豆将扩种 近期不发展转基因,2016/4/18
大豆目标价格改革试点成效初显（图）,2016/4/18
时隔20年大豆再次得到重视？,2016/4/16
玉米不能成为第二个“大豆”（图）,2016/4/16
中国计划2020年将大豆产量提高60%,2016/4/14
农业部：调减玉米种植 扩大大豆种植（图）,2016/4/14
中国计划到2020年将大豆产量提高60% 满足国内蛋白需求,2016/4/13
国产大豆错位发展拓市场（图）,2016/4/12
农业部将下发《促进大豆生产的指导意见》（图）,2016/4/12
中国计划减少华北及东北地区的玉米播种面积 同时提高大豆面积,2016/4/8
农业部将下发《促进大豆生产的指导意见》,2016/4/7
中国发改委公布2016年大豆目标价格水平为每吨4800元,2016/4/4
大连：东北最大豆芽生产基地近日正式投产,2016/2/3
大连旅顺口区：东北最大豆芽生产基地投产,2016/1/26
国产大豆“找不着北”了吗？（图）,2016/1/18
市场购销两难 黑龙江大豆行情堪忧,2016/1/14
2016年1月12日大豆杀虫剂农药价格行情,2016/1/13
收购市场化 大豆产销如何调适（图）,2016/1/12
长江流域大豆生产全程机械化尚处起步阶段,2016/1/11
大豆进口过剩四千万吨 东北大豆销售陷入窘境（图）,2016/1/7
2016年1月5日大豆杀虫剂农药价格行情,2016/1/6
农民观望　东北大豆销售陷入窘境,2016/1/6
供大于求 全球玉米大豆价格下跌趋势明显,2015/12/24
传统大豆产业势衰　黑豆产业价值凸显,2015/12/23
美豆“来袭”　南方大豆是否做好准备,2015/12/2
巴西缺少大豆杀菌剂至大豆低产（图）,2015/12/2
专家：中国大豆要坚持非转基因差异化道路,2015/11/24
大豆上方空间有限,2015/11/16
重压之下国产大豆面临哪些难关（图）,2015/11/12
截至11月6日巴西大豆播种完成42.3%,2015/11/12
国产大豆出路在高端需求,2015/11/10
种业丨育种升温　国产大豆是时候“走出去”（图）,2015/11/9
10月28日大豆田除草剂价格行情,2015/10/28
15至16年阿根廷大豆播种面积高于上年,2015/10/19
永城玉米大豆带状复合种植实现产量双丰收,2015/10/19
阿根廷批准种植转基因抗病土豆和抗旱大豆,2015/10/19
弥勒市虹溪镇300亩蓝莓套种大豆喜获丰收（图）,2015/9/30
黑龙江官方：未发现偷种转基因大豆问题,2015/9/23
剖析东北大豆市场的现在与将来,2015/9/22
我国大豆黑农35育种亲本突变体库构建研究通过鉴定,2015/9/18
东北大豆市场的现在与将来,2015/9/18
2015年9月11日全国大豆价格,2015/9/11
2015年9月10日全国大豆价格,2015/9/10
四川：玉米大豆间套作增收又养地,2015/9/9
2015年9月9日全国大豆价格,2015/9/9
2015年9月8日全国大豆价格,2015/9/8
2015年9月7日全国大豆价格,2015/9/7
黑龙江农民偷种转基因大豆（图）,2015/9/7
2015年9月6日全国大豆价格,2015/9/6
2015年9月2日全国大豆价格,2015/9/3
2015年9月1日全国大豆价格,2015/9/1
8月31日美国大豆现货市场价格温和上涨,2015/9/1
2015年8月31日全国大豆价格,2015/8/31
2015年8月28日全国大豆价格,2015/8/29
2015年8月27日全国大豆价格,2015/8/28
东北国产大豆加工企业渐入佳境（图）,2015/8/27
2015年8月26日全国大豆价格,2015/8/26
2015年8月25日全国大豆价格,2015/8/25
中国继续成为巴西农产品最大买家 大豆是最主要产品,2015/8/24
2015年8月24日全国大豆价格,2015/8/24
2015年8月21日全国大豆价格,2015/8/21
2015年8月20日全国大豆价格,2015/8/20
2015年8月19日全国大豆价格,2015/8/19
2015年8月18日全国大豆价格,2015/8/18
2015年8月17日全国大豆价格,2015/8/17
8月14日大豆田杀虫剂价格行情,2015/8/14
2015年8月14日全国大豆价格,2015/8/14
2015年8月13日全国大豆价格,2015/8/13
2015年8月12日全国大豆价格,2015/8/12
2015年8月11日全国大豆价格,2015/8/11
2015年8月10日全国大豆价格,2015/8/10
2015年8月7日全国大豆价格,2015/8/7
2015年8月6日全国大豆价格,2015/8/6
2015年8月5日全国大豆价格,2015/8/6
2015年8月4日全国大豆价格,2015/8/4
2015年8月3日全国大豆价格,2015/8/4
2015年7月31日全国大豆价格,2015/7/31
2015年7月30日全国大豆价格,2015/7/30
中国大豆产业该如何战“豆”（图）,2015/7/30
科学施肥助力有机大豆高产丰收,2015/7/30
2015年7月29日全国大豆价格,2015/7/29
2015年7月27日全国大豆价格,2015/7/28
2015年7月28日全国大豆价格,2015/7/28
2015年7月24日全国大豆价格,2015/7/24
2015年7月23日全国大豆价格,2015/7/23
2015年7月22日全国大豆价格,2015/7/22
2015年7月21日全国大豆价格,2015/7/22
2015年7月20日全国大豆价格,2015/7/21
美国对我国大豆销售总量同比提高,2015/7/20
澳新就一种孟山都转基因大豆用于食品征求意见,2015/7/17
进口大豆带给我们的思考,2015/7/17
2015年7月17日全国大豆价格,2015/7/17
2015年7月16日全国大豆价格,2015/7/16
2015年7月15日全国大豆价格,2015/7/15
国产大豆价格下行 专家建议农户继续抛售（图）,2015/7/15
2015年7月13日全国大豆价格,2015/7/14
2015年7月14日全国大豆价格,2015/7/14
2015年7月10日全国大豆价格,2015/7/10
2015年7月9日全国大豆价格,2015/7/9
我国大豆进口量超消费量2583万吨,2015/7/8
2015年7月8日全国大豆价格,2015/7/8
2015年7月7日全国大豆价格,2015/7/7
大豆种子入库“四不宜”,2015/7/6
2015年7月6日全国大豆价格,2015/7/6
2015年7月3日全国大豆价格,2015/7/3
2015年7月2日全国大豆价格,2015/7/2
2015年7月1日全国大豆价格,2015/7/1
2015年6月30日全国大豆价格,2015/6/30
2015年6月29日全国大豆价格,2015/6/29
2015年6月26日全国大豆价格,2015/6/26
2015年6月25日全国大豆价格,2015/6/25
2015年6月24日全国大豆价格,2015/6/24
2015年6月23日全国大豆价格,2015/6/23
2015年6月19日全国大豆价格,2015/6/19
2015年6月18日全国大豆价格,2015/6/18
2015年6月17日全国大豆价格,2015/6/17
2015年6月16日全国大豆价格,2015/6/16
2015年6月15日全国大豆价格,2015/6/15
6月12日大豆田除草剂最新价格行情,2015/6/12
2015年6月12日全国大豆价格,2015/6/12
6月11日大豆田除草剂最新价格行情,2015/6/11
2015年6月11日全国大豆价格,2015/6/11
2015年6月10日全国大豆价格,2015/6/10
生猪补栏展开 豆粕反转需时间,2015/6/10
华东养殖市场低迷 豆粕行情震荡,2015/6/10
期货日评：豆粕价格小幅收涨 短期低位震荡整理,2015/6/10
国际市场：CBOT豆粕期货6月9日收盘报价,2015/6/10
生猪补栏展开豆粕反转仍需时间,2015/6/10
6月9日大豆田除草剂最新价格行情,2015/6/9
2015年6月9日全国大豆价格,2015/6/9
2015年黄淮海地区夏播大豆生产技术指导意见,2015/6/9
9日黑龙江豆粕市场行情及走势行情,2015/6/9
国际市场：CBOT豆粕期货6月8日收盘报价,2015/6/9
6月8日国内各地区油厂豆粕价格下跌,2015/6/8
8日山东地区豆粕豆油市场最新行情,2015/6/8
6月8日大豆田除草剂最新价格行情,2015/6/8
2015年6月8日全国大豆价格,2015/6/8
国际市场：CBOT豆粕期货6月5日收盘报价,2015/6/8
猪周期再次启动 扶不起CPI,2015/6/8
市场关注：三大主线挖掘“猪价概念股”,2015/6/8
5日山东地区豆粕豆油市场价格行情,2015/6/5
2015年6月5日全国大豆价格,2015/6/5
国际市场：CBOT豆粕期货6月4日收盘报价,2015/6/5
市场观察：豆粕仍有下行空间 反弹时点还需等待,2015/6/5
直补政策能否挽救东北大豆产业危局（图）,2015/6/4
2015年6月4日全国大豆价格,2015/6/4
市场观察：豆粕价格阶梯式回升接近尾声,2015/6/4
2015年6月3日全国大豆价格,2015/6/3
市场观察：反弹难持续 双粕价格料再创新低,2015/6/3
国内主要地区豆粕价格市场最新行情,2015/6/2
中科院发现大豆调控抗盐耐旱分子机制,2015/6/2
国际市场：CBOT豆粕期货6月1日收盘报价,2015/6/2
黑龙江豆粕价格市场行情及走势分析,2015/6/2
2015年6月2日全国大豆价格,2015/6/2
国内主要地区豆粕市场最新价格行情,2015/6/1
豆粕市场反弹乏力  市场连续弱势,2015/6/1
2015年6月1日全国大豆价格,2015/6/1
国际市场：CBOT豆粕期货5月29日收盘报价,2015/6/1
2015年5月28日全国大豆价格,2015/5/29
29日国内主要地区油脂市场最新行情,2015/5/29
2015年5月29日全国大豆价格,2015/5/29
国际市场：CBOT豆粕期货5月28日收盘报价,2015/5/29
市场观察：豆粕行情继续下行受限 价格反弹可期,2015/5/28
27日山东豆粕市场最新价格行情,2015/5/27
国际市场：CBOT豆粕期货5月26日收盘报价,2015/5/27
区域市场：26日山东地区豆油豆粕市场最新行情,2015/5/26
26日山东地区豆粕市场最新价格行情,2015/5/26
5月26日东北部分地区豆粕行情,2015/5/26
5月26日黑龙江豆粕市场行情及购销,2015/5/26
大豆内强外弱 豆粕将震荡走低,2015/5/26
市场观察：大豆内强外弱 豆粕行情将震荡走低,2015/5/26
25日山东地区豆粕市场最新行情,2015/5/25
大豆震荡调整运行价格上涨或持续,2015/5/25
国际市场：私人出口商向泰国出售一定量豆粕,2015/5/25
国际市场：加拿大大豆压榨量较上周有所提高,2015/5/25
国际市场：CBOT豆粕期货5月22日收盘报价,2015/5/25
国际市场：2015/16年度全球豆粕贸易量增长,2015/5/22
国际市场：CBOT豆粕期货5月21日收盘报价,2015/5/22
2015年5月22日全国大豆价格,2015/5/22
国产大豆价格或将上涨（图）,2015/5/21
2015年5月21日全国大豆价格,2015/5/21
豆粕深幅调整 市场面临弱势加剧,2015/5/21
国际市场：CBOT豆粕期货5月20日收盘报价,2015/5/21
2015年5月20日全国大豆价格,2015/5/20
国际市场：CBOT豆粕期货5月19日收盘报价,2015/5/20
市场观察：豆粕行情弱势震荡 豆油价格破位下行,2015/5/20
2015年5月19日全国大豆价格,2015/5/19
东北大豆种植面积大减 未来豆价长期走强（图）,2015/5/19
美国大豆反弹动力缺乏 建议观望操作,2015/5/19
豆粕深幅调整 不排除趋势走低可能,2015/5/19
19日山东豆粕豆油市场最新价格行情,2015/5/19
19日山东豆油市场最新价格行情,2015/5/19
国际市场：CBOT豆粕期货5月18日收盘报价,2015/5/19
19日黑龙江豆粕市场行情及购销走势,2015/5/19
近期国内市场江苏地区豆粕行情简析,2015/5/19
世界大豆产量将连续四年超过需求,2015/5/18
2015年5月18日全国大豆价格,2015/5/18
大豆中草甘膦的施用量高于玉米,2015/5/18
国际市场：CBOT豆粕期货5月15日收盘报价,2015/5/18
市场观察：豆粕价格行情弱势震荡 空单继续持有,2015/5/18
2015年5月15日全国大豆价格,2015/5/15
2015年5月14日全国大豆价格,2015/5/14
国际市场：美国上调中国豆粕和棕榈油进口预测值,2015/5/14
国际市场：印度豆粕出口下调 韩国进口调低,2015/5/14
市场观察：USDA报告利空 豆粕行情延续跌势,2015/5/14
豆粕深幅调整 短期或陷小幅震荡,2015/5/14
2015年5月13日全国大豆价格,2015/5/13
13日国内豆粕豆油市场最新行情,2015/5/13
2015年5月12日全国大豆价格,2015/5/12
供应压力大 遇反弹应沽空豆粕,2015/5/12
12日黑龙江豆粕市场最新价格行情,2015/5/12
国际市场：CBOT豆粕期货5月11日收盘报价,2015/5/12
近日国内江苏地区豆粕市场行情简析,2015/5/12
5月11日东北部分地区豆粕行情,2015/5/11
阿根廷“大豆王国” 种大豆有啥绝活（图）,2015/5/11
8日山东地区豆粕市场最新价格行情,2015/5/8
5月7日东北部分地区豆粕行情,2015/5/8
5月7日黑龙江豆粕行情及购销走势分析,2015/5/8
7日山东部分地区豆粕市场最新行情,2015/5/7
国际市场：CBOT豆粕期货5月6日收盘报价,2015/5/7
后期国内豆菜粕价差或有所扩大,2015/5/6
近期国内江苏地区豆粕市场行情简析,2015/5/5
黑龙江大豆遭遇“三座大山”（图）,2015/5/5
5月南美大豆将集中到港 压榨开机率提高,2015/5/5
全球大豆价格互有涨跌 关注春播进展（图）,2015/5/4
4日国内主要地区豆粕豆油市场行情,2015/5/4
乌克兰将大幅增加对欧盟的大豆出口规模,2015/5/1
市场观察：利空逐渐消化 后市豆粕需求有望回暖,2015/4/30
国际市场：2015年4至9月份全球豆粕产量统计,2015/4/29
豆粕压力已到 节前暂时观望,2015/4/29
2015年第一季度大豆压榨业仍现大幅亏损（图）,2015/4/28
外豆涌入压制豆粕价格,2015/4/28
波浪理论解读美期货豆粕指数,2015/4/28
油脂步入高位震荡格局 豆粕继续小幅上涨,2015/4/28
市场观察：供给宽松叠加需求不济 豆粕或维持跌势,2015/4/27
国际市场：CBOT豆粕期货4月24日收盘报价,2015/4/27
市场观察：油厂开工逐渐回升 豆粕缺乏反弹动能,2015/4/27
油脂短线有调整迹象 豆粕继续小幅上涨,2015/4/27
国际市场：CBOT豆粕期货4月23日收盘报价,2015/4/24
豆粕跟随外盘反弹 但是趋势依然看空,2015/4/24
国际市场：CBOT豆粕期货4月22日收盘报价,2015/4/23
油脂转入高位震荡 豆粕继续低位整理,2015/4/23
市场观察：豆粕弱势依旧 现在面临上下两难窘境,2015/4/23
增速回归我国告别大豆进口高增长时代（图）,2015/4/22
阿根廷大豆现货市场价格继续全面上涨,2015/4/22
4月22日黑龙江豆粕行情及购销走势,2015/4/22
期货油脂强势上涨 豆粕涨幅滞后,2015/4/22
豆粕震荡上行 豆粕库存或小幅回升,2015/4/21
区域行情；21日国内主要地区豆粕豆油市场行情,2015/4/21
近期江苏地区豆粕市场行情简析,2015/4/21
国际市场：CBOT豆粕期货4月20日收盘报价,2015/4/21
市场观察：豆粕行情反复振荡 豆油价格延续反弹,2015/4/21
油脂强势上涨 豆粕面临补涨,2015/4/20
期市分析：美豆反弹国内不跟 豆粕暴跌恐将来临,2015/4/20
豆粕宽幅震荡 回落继续做多,2015/4/17
国际市场：CBOT豆粕期货4月15日收盘报价,2015/4/16
市场观察：豆粕价格震荡反弹 高位阻力依然较强,2015/4/16
2015年美国大豆播种面积可能高于USDA的预期,2015/4/15
农户种植意愿下降 大豆价格拐点隐现（图）,2015/4/15
国际市场：2014/15年度乌克兰豆粕出口量统计,2015/4/15
国际市场：CBOT豆粕期货4月14日收盘报价,2015/4/15
豆粕跟随外盘反弹 关注持续性如何,2015/4/15
市场观察：豆粕行情缩量调整 后市价格仍将下跌,2015/4/15
大豆价格跌破本 农户惜售为保底（图）,2015/4/14
14日国内主要地区豆粕豆油市场行情,2015/4/14
市场观察：波浪理论解读国内豆粕期货市场走势,2015/4/14
国际市场：CBOT豆粕期货4月13日收盘报价,2015/4/14
4月14日黑龙江豆粕行情及购销分析,2015/4/14
豆粕底部震荡 长线依旧看多,2015/4/14
市场观察：美豆继续创出新低 豆粕反弹既是机会,2015/4/14
国际市场：CBOT豆粕期货4月10日收盘报价,2015/4/13
市场观察：豆粕行情空头优势越来越大 切勿抄底,2015/4/13
预计后期菜粕对豆粕比价或将高位震荡,2015/4/9
市场观察：市场静候美农报告 油粕弱势“接驾”,2015/4/9
市场观察：不确定性左右盘面 豆粕多空势均力敌,2015/4/9
浙江衢州大豆食用油持稳 豆粕价下滑,2015/4/8
4月8日黑龙江豆粕行情及购销走势分析,2015/4/8
国际市场：CBOT豆粕期货4月7日收盘报价,2015/4/8
市场观察：豆粕期货1509合约本周观点综述,2015/4/7
国际市场：CBOT豆粕期货4月6日收盘报价,2015/4/7
豆粕多市来临 多单大胆持有,2015/4/2
美国大豆生产商助厄瓜多尔虾民取得资格认证,2015/4/1
豆粕夜盘受报告影响拉升 空单再次迎来进场良机,2015/4/1
31日黑龙江豆粕行情及购销走势分析,2015/3/31
近期国内江南地区豆粕库存行情简析,2015/3/31
国际市场：CBOT豆粕期货3月30日收盘报价,2015/3/31
波浪理论解读国内豆粕指数,2015/3/31
国际市场：30日国内主要地区豆粕豆油市场行情,2015/3/30
国际市场：CBOT豆粕期货3月27日收盘报价,2015/3/30
市场观察：养殖业萎靡不振 豆粕难迎“春天”,2015/3/30
关于大豆目标价格补贴的指导意见,2015/3/27
豆粕期货短线回落不改整体看多,2015/3/27
国际市场：CBOT豆粕期货3月26日收盘报价,2015/3/27
市场观察：种植面积预期增加 豆粕行情震荡回落,2015/3/27
3月25日东北部分地区豆粕行情,2015/3/25
3月25日豆粕上方压力短线震荡,2015/3/25
国际市场：CBOT豆粕期货3月24日收盘报价,2015/3/25
24日国内地区豆粕豆油市场最新行情,2015/3/24
3月24日东北部分地区豆粕行情,2015/3/24
国际市场：CBOT豆粕期货3月23日收盘报价,2015/3/24
市场观察：美豆期货回升 豆粕价格行情跟随走高,2015/3/24
杜邦就大豆Biolistic技术使用费起诉孟山都,2015/3/23
巴斯夫在巴西推出大豆AgCelence系统,2015/3/23
23日主要地区豆粕豆油市场最新行情,2015/3/23
3月23日东北部分地区豆粕行情,2015/3/23
期市分析：豆粕期货1509合约本周观点综述,2015/3/23
国际市场：CBOT豆粕期货3月20日收盘报价,2015/3/23
20日国内豆油豆粕市场最新价格行情,2015/3/20
20日山东地区豆粕豆油市场最新行情,2015/3/20
19日国内主要地区豆粕豆油市场行情,2015/3/19
3月19日东北部分地区豆粕行情,2015/3/19
豆粕行情总体下跌 日内会是个反弹行情,2015/3/19
市场观察：美豆跌破前低 拖累豆粕价格回落,2015/3/19
国际市场：美农业部调低多个国家豆粕进口预测数据,2015/3/19
国际市场：CBOT豆粕期货3月17日收盘报价,2015/3/19
3月18日东北部分地区豆粕行情,2015/3/19
供需平衡 豆菜粕价差可能扩大,2015/3/18
豆粕震荡杀跌 空单继续拿持,2015/3/18
市场观察：短期豆粕强于豆油 油粕比或继续下降,2015/3/18
市场观察：二季度豆粕和菜粕价差或将拉大,2015/3/18
3月17日东北部分地区豆粕行情,2015/3/17
17日山东地区豆粕市场最新价格行情,2015/3/17
印度大豆出口预测值上调豆粕下调,2015/3/17
近期江南市场豆粕现货市场最新行情,2015/3/17
国际市场：豆粕行情走低　CBOT大豆期货跌,2015/3/17
17日黑龙江豆粕行情及购销走势分析,2015/3/17
16日主要地区豆粕豆油市场最新行情,2015/3/17
16日山东地区豆粕豆油市场行情,2015/3/17
3月16日东北部分地区豆粕行情,2015/3/17
国际市场：CBOT豆粕期货3月13日收盘报价,2015/3/17
市场观察：美豆重回前低 豆粕价格将阶段性回落,2015/3/16
3月13日北方区域豆粕价格行情,2015/3/13
市场观察：豆粕行情继续反弹 豆油价格低位整理,2015/3/13
近期北方区域豆粕价格行情,2015/3/12
12日黑龙江豆粕行情及购销走势分析,2015/3/12
双粕增仓上行 短线仍有空间,2015/3/12
市场观察：豆粕价格增仓反弹 豆油行情小幅走低,2015/3/12
短期利多未绝 豆粕还能上行,2015/3/11
近期江南地区市场豆粕市场行情简析,2015/3/10
美国农业参赞：巴西大豆产量预期达到9300万吨,2015/3/9
市场观察：国内外联动 豆粕价格行情弱势依旧,2015/3/9
供给压力加大 双粕将重回弱势,2015/3/7
豆油反弹走势趋弱 或呈现冲高回落,2015/3/7
3月5日黑龙江豆粕市场及购销分析,2015/3/5
市场观察：供给仍为宽松 中长期豆粕将维持弱势,2015/3/5
美豆引擎渐熄火 油粕回调已展开,2015/3/5
市场观察：豆粕供需矛盾再现 后市上涨空间有限,2015/3/3
阿根廷农业部预计14/15年度大豆产量将达5800万吨,2015/3/2
波浪理论解读美豆粕指数反弹空间有限,2015/2/26
豆类供应压力 熊市本色难改,2015/2/26
上涨主动性不足 抄底豆粕尚早,2015/2/13
豆粕交投减弱 维持长期看空,2015/2/12
市场观察：豆粕行情温和上涨 豆油价格低位振荡,2015/2/12
2015年2月11日全国大豆价格,2015/2/11
豆粕犹豫迎春节 油脂利多或透支,2015/2/11
2015年2月10日全国大豆价格,2015/2/10
2015年2月9日全国大豆价格,2015/2/10
2015年2月6日全国大豆价格,2015/2/6
市场观察：豆粕行情短线震荡 豆油价格低位运行,2015/2/6
豆粕春天尚远 油脂昂头迷离,2015/2/5
期市分析：南美大豆丰产预期增强 豆粕反弹短暂,2015/2/5
市场观察：豆粕行情短线振荡 豆油价格承压回落,2015/2/5
2015年2月4日全国大豆价格,2015/2/4
2014年进口大豆超7100万吨 大部分为转基因,2015/2/4
豆粕需求不畅 走出寒冬需时日,2015/2/4
豆粕夜间起舞 或是昙花一现,2015/2/4
2月4日黑龙江豆粕市场及购销分析,2015/2/4
市场观察：豆粕行情振荡整理 豆油价格弱势反弹,2015/2/4
2015年2月3日全国大豆价格,2015/2/3
春节行情已爽约 豆粕今年低调过节,2015/2/3
市场观察：豆粕行情振荡调整 豆油价格加速下行,2015/2/2
2015年1月30日全国大豆价格,2015/1/30
2015年1月29日全国大豆价格,2015/1/30
市场观察：豆粕行情小跌调整 豆油价格弱势依旧,2015/1/30
1月28日大豆田杀菌剂价格行情,2015/1/28
2015年1月28日全国大豆价格,2015/1/28
1月28日黑龙江豆粕市场及购销分析,2015/1/28
市场观察：豆粕价格冲高回落 短线维持震荡态势,2015/1/28
2015年1月27日全国大豆价格,2015/1/27
双粕价差缩水 菜粕或将承压,2015/1/27
期市分析：波浪理论解读国内豆粕指数震荡下跌,2015/1/27
近期江南地区市场豆粕行情简析,2015/1/27
市场观察：豆粕市场“内忧外患” 价格继续探底,2015/1/27
2015年1月26日全国大豆价格,2015/1/26
市场观察：豆粕行情反弹遇阻 豆油价格弱势震荡,2015/1/26
2015年1月23日全国大豆价格,2015/1/23
2015年1月22日全国大豆价格,2015/1/22
市场观察：供需矛盾难缓解 双粕短期弱势难改,2015/1/22
豆粕市场在当今格局下的震荡不变,2015/1/22
市场观察：豆粕行情反弹调整 豆油延续低位振荡,2015/1/22
2015年1月21日全国大豆价格,2015/1/21
1月21日黑龙江豆粕市场及购销分析,2015/1/21
市场观察：丰产在望 豆粕价格延续震荡寻底,2015/1/21
全球大豆供应充裕　产量突破新高,2015/1/20
阿根廷大豆种植大王大幅减少农作物种植面积,2015/1/20
2015年1月20日全国大豆价格,2015/1/20
美国农业部批准孟山都新型转基因大豆和棉花作物,2015/1/19
2015年1月19日全国大豆价格,2015/1/19
大豆丰产继续 豆粕弱势难破局,2015/1/19
美豆大幅下跌 豆粕补库时机来临,2015/1/16
2015年1月14日全国大豆价格,2015/1/15
市场观察：全球大豆产量创新高 豆粕承压仍将走低,2015/1/15
1月14日黑龙江豆粕市场及购销分析,2015/1/14
2015年1月13日全国大豆价格,2015/1/14
2015年1月12日全国大豆价格,2015/1/13
2015年1月8日全国大豆价格,2015/1/9
我国科学家克隆出大豆耐盐基因,2015/1/8
2015年1月6日全国大豆价格,2015/1/7
南美大豆丰收在即 消费转淡粕价难翻身,2015/1/7
1月7日黑龙江豆粕市场及购销分析,2015/1/7
2015年1月5日全国大豆价格,2015/1/6
供需矛盾突出 豆粕或继续下跌,2015/1/6
豆粕下方抵抗性较强 油脂上压不容忽视,2015/1/6
市场观察：供需矛盾突出 豆粕行情走跌没商量,2015/1/6
2015年1月4日全国大豆价格,2015/1/5
CBOT日评：2日大豆豆油豆粕期货收报价,2015/1/4
供应现过剩 豆粕行情中线偏空,2014/12/31
12月31日黑龙江豆粕市场及购销走势,2014/12/31
2014年12月30日全国大豆价格,2014/12/30
近期江南地区市场豆粕市场行情简述,2014/12/30
豆粕冲高底气不足 油脂逆袭或有好戏,2014/12/30
2014年12月29日全国大豆价格,2014/12/29
阿根廷2014/15年度大豆播种完成81.2%,2014/12/29
美国2014/15年度大豆出口净销售量为48到85万吨,2014/12/29
夜盘模式再启 豆类星耀市场,2014/12/29
后期菜籽到港量减少 豆菜粕价差缩小,2014/12/29
2014年12月25日全国大豆价格,2014/12/25
豆粕遇三连阴 短期料继续下跌,2014/12/25
市场观察：豆粕行情延续跌势 豆油价格反弹遇阻,2014/12/25
2014年12月24日全国大豆价格,2014/12/24
2014年12月23日全国大豆价格,2014/12/24
12月24日黑龙江豆粕市场及购销走势,2014/12/24
市场观察：基本面供应宽松 豆粕维持震荡偏弱,2014/12/24
市场观察：豆粕行情振荡偏弱，豆油价格冲高回落,2014/12/24
豆到港量续增 豆油价格或将继续下跌,2014/12/24
2014年12月22日全国大豆价格,2014/12/22
大豆到港量增加 豆粕期货压力增大,2014/12/19
期市分析：连粕春节前上行压力并不沉重,2014/12/19
豆粕重玩“跳水” 油脂“喘息”无望,2014/12/19
2014年12月17日全国大豆价格,2014/12/18
2014年12月16日全国大豆价格,2014/12/18
原油价持续暴跌 两粕上演“双人跳水”,2014/12/18
市场观察：原油价持续暴跌 豆粕菜粕“双人跳水”,2014/12/18
近期江南市场豆粕市场行情简析,2014/12/18
12月16日黑龙江豆粕市场及购销走势,2014/12/18
波浪理论解读美豆粕指数震荡下跌,2014/12/18
豆粕豆油夜盘在即 豆类全线出击,2014/12/18
2014年12月15日全国大豆价格,2014/12/15
2014年12月14日全国大豆价格,2014/12/15
2014年12月12日全国大豆价格,2014/12/12
2014年12月11日全国大豆价格,2014/12/12
2014年12月10日全国大豆价格,2014/12/12
基本面偏弱 豆粕下行格局难改,2014/12/12
市场观察：基本面偏弱 豆粕震荡下行格局难改,2014/12/12
近期江南地区豆粕现货市场行情简析,2014/12/10
豆粕涨跌两难 油脂反弹无力,2014/12/10
国内豆价持续高于国际 后期大豆价格可能走低,2014/12/9
2014年12月9日全国大豆价格,2014/12/9
农业部出台《大豆机械化生产技术指导意见》,2014/12/9
供应宽松 豆粕期货弱势震荡,2014/12/9
2014年12月8日全国大豆价格,2014/12/8
2014年12月7日全国大豆价格,2014/12/8
余欣荣：力争玉米、大豆良种重大科研攻关取得实质性突破,2014/12/5
2014年12月5日全国大豆价格,2014/12/5
2014年12月4日全国大豆价格,2014/12/4
走势一波三折 豆菜粕套利可期,2014/12/4
市场观察：粕类走势一波三折 豆粕菜粕套利可期,2014/12/4
3日山东地区豆粕豆油市场最新市场行情,2014/12/4
2014年12月3日全国大豆价格,2014/12/3
市场观察：供应高企叠加需求不济 豆粕短期难言底,2014/12/3
2014年12月2日全国大豆价格,2014/12/2
2014年11月31日全国大豆价格,2014/12/2
2014年11月30日全国大豆价格,2014/12/2
近期江南地区豆粕市场行情简述,2014/12/2
油脂暴雨来袭 豆粕前景转淡,2014/12/2
2014年11月28日全国大豆价格,2014/11/28
市场观察：市场需求不旺 豆粕期价反弹高度有限,2014/11/28
美国市场传言中国取消250万吨美国大豆订单,2014/11/27
2014年11月27日全国大豆价格,2014/11/27
2014年11月26日全国大豆价格,2014/11/26
11月26日黑龙江豆粕市场及购销分析,2014/11/26
市场观察：高不成低不就 短期豆粕价格涨跌两难,2014/11/26
2014年11月25日全国大豆价格,2014/11/25
近期华中地区豆粕市场行情简述,2014/11/25
国际市场：加拿大大豆压榨量较上周提高42.8％,2014/11/25
2014年11月24日全国大豆价格,2014/11/24
2014年11月21日全国大豆价格,2014/11/22
豆粕下跌遇阻力 油脂重心或下移,2014/11/22
2014年11月20日全国大豆价格,2014/11/20
利空因素兑现 豆粕支撑较强,2014/11/20
2014年11月19日全国大豆价格,2014/11/19
11月19日黑龙江豆粕市场及购销分析,2014/11/19
2014年11月18日全国大豆价格,2014/11/18
2014年11月17日全国大豆价格,2014/11/18
近期华中地区豆粕市场行情简析,2014/11/18
粕类有望下探 油脂横向运动,2014/11/18
2014年11月14日全国大豆价格,2014/11/14
CBO日评：13日大豆豆油豆粕期货收盘报价,2014/11/14
13日山东豆粕豆油市场价格行情,2014/11/14
豆粕市场维持弱势震荡 市场调整谨慎,2014/11/14
2014年11月13日全国大豆价格,2014/11/13
美豆强扯硬拉 双粕燃情大涨,2014/11/13
豆类价格仍处于熊市中 谈论底部仍偏早,2014/11/13
2014年11月12日全国大豆价格,2014/11/12
2014年11月11日全国大豆价格,2014/11/11
最悲观阶段已过 豆粕中线看涨,2014/11/11
11月11日黑龙江豆粕市场行情,2014/11/11
近期华东地区豆粕行情及油厂开机情况,2014/11/11
2014年11月10日全国大豆价格,2014/11/10
2014年11月9日全国大豆价格,2014/11/10
市场观察：四季度豆粕行情或存阶段性做多机会,2014/11/10
2014年11月7日全国大豆价格,2014/11/7
2014年11月6日全国大豆价格,2014/11/7
杂交大豆高效繁育制种技术获重要突破,2014/11/6
2014年11月5日全国大豆价格,2014/11/6
2014年11月4日全国大豆价格,2014/11/6
期市分析：波浪理论解读国内豆粕指数,2014/11/4
市场观察：豆粕反弹高度受限 抛空时机渐进,2014/11/3
2014年11月3日全国大豆价格,2014/11/3
2014年11月2日全国大豆价格,2014/11/3
美豆供过于求 豆粕期货长期看空,2014/11/3
库存统计：近日江西湖南地区码头豆粕库存统计,2014/11/3
2014年10月31日全国大豆价格,2014/10/31
2014年10月30日全国大豆价格,2014/10/30
2014年10月29日全国大豆价格,2014/10/29
2014年10月28日全国大豆价格,2014/10/28
风险依然存在 豆粕涨价难持久,2014/10/28
库存统计：近期华东地区油厂豆粕码头到港统计量,2014/10/28
国际市场：美豆收割进度加快 玉米收割依然落后,2014/10/28
2014年10月27日全国大豆价格,2014/10/27
2014年10月26日全国大豆价格,2014/10/27
2014年10月24日全国大豆价格,2014/10/24
2014年10月23日全国大豆价格,2014/10/24
2014年10月22日全国大豆价格,2014/10/22
2014年10月21日全国大豆价格,2014/10/22
22日福建福州地区豆粕市场最新行情,2014/10/22
21日山东地区豆粕市场最新市场行情,2014/10/21
10月21日黑龙江豆粕市场购销行情,2014/10/21
期市分析：波浪理论解读美豆粕指数短期高位震荡,2014/10/21
2014年10月20日全国大豆价格,2014/10/20
2014年10月19日全国大豆价格,2014/10/20
20日福州地区豆粕市场最新市场行情,2014/10/20
CBOT大豆：17日大豆豆油豆粕期货收盘报价,2014/10/20
2014年10月17日全国大豆价格,2014/10/17
2014年10月16日全国大豆价格,2014/10/17
豆粕涨意渐起 油脂低位震荡,2014/10/17
2014年10月15日全国大豆价格,2014/10/16
2014年10月14日全国大豆价格,2014/10/16
压力仍存在 豆类反弹期望不高,2014/10/15
库存统计：近期湖南江西码头油厂豆粕库存统计,2014/10/15
豆粕期货市场行情下跌或临近尾声,2014/10/14
14日山东地区豆粕市场最新价格行情,2014/10/14
10月14日黑龙江豆粕市场购销行情,2014/10/14
国庆节期间黑龙江豆粕市场购销行情,2014/10/13
2014年10月10日全国大豆价格,2014/10/10
2014年10月9日全国大豆价格,2014/10/10
10日福州地区豆粕市场最新市场行情,2014/10/10
大豆番茄木瓜 数一数食物中的防癌特种兵（图）,2014/10/9
波浪理论解读本周豆粕指数,2014/10/9
9月30日黑龙江豆粕购销行情快报,2014/10/1
市场观察：国庆长假降至 豆粕空头或有离场情绪,2014/10/1
大豆真能预防乳腺癌吗？,2014/9/29
28日山东地区豆油豆粕市场最新行情,2014/9/28
上周华东地区豆粕市场行情简述,2014/9/28
9月24日黑龙江豆粕市场购销行情快报,2014/9/24
期市分析：波浪理论解读美豆粕指数,2014/9/23
19日山东地区豆粕市场最新价格行情,2014/9/19
期市观察：利空气氛转淡 豆粕价格迎来反弹之势,2014/9/17
2014年9月16日全国大豆价格,2014/9/16
2014年9月15日全国大豆价格,2014/9/16
上周华东地区市场豆粕行情综述,2014/9/15
美元走强美豆丰产 豆粕走势疲弱拖累菜粕,2014/9/12
12日山东地区豆粕市场最新行情,2014/9/12
2014年9月12日全国大豆价格,2014/9/12
2014年9月11日全国大豆价格,2014/9/12
豆粕1月期价料跌破3000元,2014/9/12
期市分析：消费淡季来临 豆粕逢高抛空,2014/9/12
市场观察：芝商所和大商所豆粕期货的异同,2014/9/11
期市分析：波浪理论解读豆粕指数,2014/9/11
美豆破位下跌 油粕再下台阶,2014/9/10
CBOT 日评：9月9日大豆豆油豆粕期货收盘报价,2014/9/10
5月1日起储备大豆免征增值税,2014/9/9
9日山东地区豆粕进口豆油市场行情,2014/9/9
2014年9月5日全国大豆价格,2014/9/5
丰产且需求看淡 豆粕菜粕期价跳水,2014/9/5
4日山东地区豆粕市场最新市场行情,2014/9/4
2014年9月4日全国大豆价格,2014/9/4
2014年9月3日全国大豆价格,2014/9/4
2014年9月1日全国大豆价格,2014/9/4
9月4日华北地区豆粕市场价格行情,2014/9/4
CBOT日评：3日大豆豆油豆粕期货收盘报价,2014/9/4
9月3日山东地区豆粕市场价格行情,2014/9/3
9月3日湖北地区豆粕市场最新行情,2014/9/3
豆粕或减仓反弹 有望挑战上行压力,2014/9/3
9月2日江苏地区豆粕市场最新行情,2014/9/2
9月1日河北地区豆粕成交价格行情,2014/9/2
1日山东地区豆油市场最新价格行情,2014/9/1
期市分析：豆粕期货1501合约本周观点综述,2014/9/1
上周湖北武汉地区豆粕市场行情简析,2014/9/1
商务部：14年7月16日-31日粕类进口信息发布,2014/9/1
豆粕空头氛围仍浓 但下跌空间有限,2014/9/1
豆粕外弱内强 以震荡偏弱为主,2014/8/29
8月29日福建地区豆粕豆油市场行情,2014/8/29
29日山东地区豆粕市场最新行情,2014/8/29
2014年8月28日全国大豆价格,2014/8/28
2014年8月27日全国大豆价格,2014/8/28
供应市场宽松 豆粕或震荡偏弱,2014/8/28
供应宽松 豆粕或震荡偏弱,2014/8/28
市场观察：基本面偏空 豆粕价格仍存下跌风险,2014/8/28
梧州冰泉：国内大豆食品的大型生产企业,2014/8/26
期市分析：美豆延续跌势 短线油强粕弱,2014/8/26
CBOT 日评：25日大豆豆油豆粕期货收盘报价,2014/8/26
近期湖北武汉地区豆粕行情维持震荡,2014/8/25
光辉粮油：为嫩江大豆“量身定制”,2014/8/25
美国农业部很可能继续调高玉米和大豆单产,2014/8/21
2014年8月21日全国大豆价格,2014/8/21
豆粕依旧承压 短期反弹无力,2014/8/21
豆粕未执行合同增加 利于油厂挺价,2014/8/21
2014年8月20日全国大豆价格,2014/8/20
2014年8月19日全国大豆价格,2014/8/19
豆粕反弹有限 油脂仍将探底,2014/8/19
豆粕市场基本面平淡 难有趋势性行情,2014/8/19
波浪理论解读豆粕指数反弹结束继续下跌,2014/8/19
市场观察：豆粕基本面平淡 后期难有趋势性行情,2014/8/19
波浪理论解读本周豆粕 反弹空间有限,2014/8/18
2014年8月18日全国大豆价格,2014/8/18
2014年8月17日全国大豆价格,2014/8/18
粕类市场承压重挫 鸡蛋期货转势在即,2014/8/14
双粕价差走高 油厂“挺粕战”在即,2014/8/14
8月13日黑龙江豆粕市场购销行情快报,2014/8/13
粮食产业或重演“大豆风波”,2014/8/12
2014年8月12日全国大豆价格,2014/8/12
2014年8月11日全国大豆价格,2014/8/12
市场观察：市场分歧加大 豆粕有望震荡走高,2014/8/11
豆粕市场延续反弹 鸡蛋震荡风险加剧,2014/8/8
CBOT日评：7日大豆豆油豆粕期货收盘报价,2014/8/8
豆粕短期震荡 中期压力仍存,2014/8/8
2014年8月7日全国大豆价格,2014/8/7
2014年8月6日全国大豆价格,2014/8/7
期市分析：连豆缩量整理 豆粕偏强振荡,2014/8/7
8月5日黑龙江豆粕市场购销行情快报,2014/8/5
2014年8月5日全国大豆价格,2014/8/5
2014年8月4日全国大豆价格,2014/8/5
豆粕抵抗式走软 油脂难逃弱势,2014/8/4
市场观察：豆粕期货1501合约本周观点综述,2014/8/4
CBOT日评：1日大豆豆油豆粕期货收盘报价,2014/8/4
31日山东地区豆粕豆油市场最新行情,2014/8/1
收获前景改善 豆粕市场涨幅缩小,2014/8/1
CBOT：31日大豆豆油豆粕期货收盘报价,2014/8/1
后期豆粕价格走势将以震荡反弹为主,2014/8/1
大豆暗补变明补 保证农民积极性,2014/7/31
美国大豆产量预计将达到每亩108升,2014/7/31
关于开展豆粕集团内厂库仓单串换试点的通知,2014/7/31
企业报价：7月31日山东青岛地区豆粕报价,2014/7/31
养殖需求改善 粕类期货上涨在即,2014/7/31
商务部：7月1日-15日粕类进口信息发布,2014/7/31
产业观察：9家公司试点集团内厂库豆粕仓单串换,2014/7/31
库存高位需求差　豆粕短期难有起色,2014/7/30
企业报价：7月30日山东青岛地区豆粕报价,2014/7/30
CBOT日评：29日大豆豆油豆粕期货收盘报价,2014/7/30
粕类期货弱势难改 反弹过后难逃下跌,2014/7/30
7月29日黑龙江豆粕市场购销行情,2014/7/29
库存统计：近日湖北武汉地区码头油厂豆粕库存,2014/7/29
美豆反弹带动 连豆粕减仓上行,2014/7/29
媒体报道：豆粕需求提高 出口未来或下滑,2014/7/29
期市分析：豆粕现货需求支撑 市场等待中进入8月,2014/7/29
中国国内豆粕需求高涨 出口料滑落,2014/7/28
企业报价：7月28日山东青岛地区豆粕报价,2014/7/28
大豆豆粕市场小幅下跌 后期震荡偏弱,2014/7/28
2014年7月25日全国大豆价格,2014/7/25
2014年7月24日全国大豆价格,2014/7/25
豆粕逐渐企稳 鸡蛋重回涨势,2014/7/25
CBOT日评：7月24日大豆豆油豆粕期货收盘报价,2014/7/25
媒体报道：中国购豆积极 豆粕有所企稳,2014/7/25
市场观察：豆粕价格减仓反弹 豆油行情涨势放缓,2014/7/25
23日山东地区豆粕豆油市场最新行情,2014/7/23
豆粕保持完好下行通道 空单持有,2014/7/22
7月22日黑龙江豆粕市场行情基本稳定,2014/7/22
22日山东地区豆粕豆油市场最新行情,2014/7/22
2014年7月22日全国大豆价格,2014/7/22
2014年7月21日全国大豆价格,2014/7/22
利空集中消化 豆粕企稳反弹,2014/7/22
USDA：出口商向未知地售出13.5万吨美国豆粕,2014/7/22
2014年7月18日全国大豆价格,2014/7/19
大豆供应充足 豆粕行情随盘走低,2014/7/18
近期国内粕强油弱格局行情仍将延续,2014/7/18
市场观察：豆粕价格涨势放缓 豆油行情企稳调整,2014/7/18
2014年7月17日全国大豆价格,2014/7/17
2014年7月16日全国大豆价格,2014/7/17
豆粕期价渐入反弹 油脂市场利多难觅,2014/7/17
16日山东地区豆粕豆油市场最新行情,2014/7/17
2014年7月15日全国大豆价格,2014/7/15
2014年7月14日全国大豆价格,2014/7/15
技术分析：豆粕指数下跌有限 或反弹至10日线,2014/7/15
国际市场：印度对亚洲豆粕出口下降 中国抢夺市场,2014/7/15
USDA：上调中国13/14年度油菜籽及豆粕进口量,2014/7/15
豆粕渐成底部迹象 鸡蛋多头趋势不改,2014/7/15
库存统计：近日湖北地区码头油厂码头豆粕库存,2014/7/14
USDA：11日美国农业部豆粕7月供需报告,2014/7/14
2014年7月10日全国大豆价格,2014/7/11
USDA：7月10日豆粕周度出口销售及装船报告,2014/7/11
10日山东地区豆粕豆油市场最新行情,2014/7/11
2014年7月9日全国大豆价格,2014/7/10
杂粕用量下降 豆粕市场需求回升,2014/7/10
油世界：南美豆油价格将相对豆粕价格出现上涨,2014/7/9
市场观察：豆粕价格止跌回升 豆油行情延续弱势,2014/7/9
2014年7月8日全国大豆价格,2014/7/8
7月8日黑龙江豆粕市场行情基本稳定,2014/7/8
2014年7月7日全国大豆价格,2014/7/7
2014年7月6日全国大豆价格,2014/7/7
技术分析：豆粕1501下跌空间有限 或震荡反弹,2014/7/7
美豆季度报告利空 豆粕领跌豆类油脂,2014/7/7
2014年7月3日全国大豆价格,2014/7/4
2014年7月2日全国大豆价格,2014/7/4
6月豆粕平稳过关 7月此“情”可看天,2014/7/4
国际市场：芝加哥期货交易所豆粕期货保证金上调,2014/7/4
USDA：7月3日豆粕周度出口销售及装船报告,2014/7/4
近日豆粕跌势放缓 鸡蛋大幅洗牌,2014/7/3
7月2日黑龙江地区豆粕市场行情基本稳定,2014/7/2
1日山东地区豆粕豆油市场最新行情,2014/7/2
2014年7月1日全国大豆价格,2014/7/1
豆粕近强远弱 等待季度库存种植报告,2014/7/1
技术分析：美豆粕指数下跌空间有限 或进入反弹期,2014/7/1
大豆补贴“新政” 能否让农民直接受益？（图）,2014/6/27
豆粕市场小幅走低 豆油走势微跌调整,2014/6/27
2014年6月25日全国大豆价格,2014/6/26
25日山东地区豆粕豆油市场最新行情,2014/6/26
近期豆粕行情强势特征或减弱,2014/6/25
2014年6月24日全国大豆价格,2014/6/24
24日黑龙江地区豆粕市场行情稳定,2014/6/24
技术分析：近期豆粕1409合约或面临方向选择,2014/6/23
USDA报告影响油脂油料豆粕行情,2014/6/23
库存统计：近日湖南武汉地区码头豆粕库存统计,2014/6/23
USDA：19日豆粕周度出口销售及装船报告,2014/6/20
美豆走势震荡上行 豆粕多单或持有,2014/6/20
19日山东地区豆粕豆油市场最新行情,2014/6/20
2014年6月19日全国大豆价格,2014/6/19
欧盟油菜籽和大豆产量预期将高于13年水平,2014/6/19
2014年6月18日全国大豆价格,2014/6/19
两粕演绎跳水行情 近月合约或现顶部,2014/6/19
豆粕供给大幅增加 市场趋势拐头向下,2014/6/19
豆粕市场暗藏波涛 后市或仍会上涨,2014/6/18
17日黑龙江豆粕市场行情维持基本稳定,2014/6/18
技术分析：近期国内豆粕指数宽幅震荡结束后或反弹,2014/6/17
市场关注：菜粕豆粕延续强势 需求旺季助推涨价潮,2014/6/16
USDA：因混合饲料使用增多阿根廷豆粕用量调高,2014/6/13
USDA：12日豆粕周度出口销售及装船报告,2014/6/13
USDA：美14/15年度豆粕出口库存与产量预估,2014/6/12
压力与支撑博弈 豆粕或仍易涨难跌,2014/6/11
市场观察：豆粕行情窄幅整理 多空存在分歧较大,2014/6/11
2014年6月5日全国大豆价格,2014/6/8
2014年6月4日全国大豆价格,2014/6/8
2014年6月3日全国大豆价格,2014/6/8
USDA：6月5日豆粕周度出口销售及装船报告,2014/6/8
5日山东地区豆粕豆油市场最新行情,2014/6/8
铁岭市：玉米水稻大豆花生小麦纳入今年农业保险范围,2014/6/5
4日山东地区豆粕豆油市场最新行情,2014/6/5
6月4日黑龙江豆粕市场行情基本稳定,2014/6/4
现货支撑力强 豆粕期价高位整理,2014/6/4
美豆炒作转换 豆粕价格依旧高位运行,2014/6/3
2014年5月30日全国大豆价格,2014/5/31
2014年5月29日全国大豆价格,2014/5/31
2014年5月27日全国大豆价格,2014/5/31
2014年5月26日全国大豆价格,2014/5/31
2014年5月25日全国大豆价格,2014/5/31
2014年5月24日全国大豆价格,2014/5/31
码头库存：近日湖北武汉地区码头豆粕库存统计,2014/5/26
2014年5月23日全国大豆价格,2014/5/23
USDA：22日豆粕周度出口销售及装船报告,2014/5/23
美国大豆市场供应仍紧 豆粕涨势不减,2014/5/23
2014年5月22日全国大豆价格,2014/5/22
2014年5月21日全国大豆价格,2014/5/21
我国进口的转基因大豆农残含量较高,2014/5/21
2014年5月20日全国大豆价格,2014/5/21
挺粕抛油策略不变 鸡蛋市场维持强势,2014/5/21
技术分析：近期豆粕指数合约或延续宽幅震行情,2014/5/20
近期美豆冲劲不足 豆粕市场不宜追涨,2014/5/20
2014年5月19日全国大豆价格,2014/5/19
2014年5月18日全国大豆价格,2014/5/19
市场观察：市场需求回暖 短期豆粕继续上涨行情,2014/5/19
储备大豆免征增值税 或对大豆价格形成支撑,2014/5/18
2014年5月16日全国大豆价格,2014/5/17
USDA：15日豆粕周度出口销售及装船报告,2014/5/16
15日山东地区豆粕市场最新行情,2014/5/15
2014年5月13日全国大豆价格,2014/5/14
13日山东地区豆粕豆油市场最新行情,2014/5/14
2014年5月12日全国大豆价格,2014/5/13
近日黑龙江豆粕市场行情维持基本稳定,2014/5/13
12日山东豆粕豆油市场最新行情,2014/5/13
2014年5月11日全国大豆价格,2014/5/12
库存统计：湖北武汉地区码头豆粕库存最新统计,2014/5/12
技术分析：近期豆粕1409合约或维持宽幅震荡,2014/5/12
2014年5月09日全国大豆价格,2014/5/9
9日山东地区豆粕市场最新行情,2014/5/9
USDA：5月8日豆粕周度出口销售及装船报告,2014/5/9
2014年5月08日全国大豆价格,2014/5/8
2014年5月07日全国大豆价格,2014/5/7
2014年5月06日全国大豆价格,2014/5/7
7日山东地区豆粕豆油市场最新行情,2014/5/7
2014年5月05日全国大豆价格,2014/5/6
技术分析：近期豆粕指数合约或维持高位震荡,2014/5/6
2014年5月04日全国大豆价格,2014/5/5
2014年5月03日全国大豆价格,2014/5/4
USDA：5月1日豆粕周度出口销售及装船报告,2014/5/4
2014年4月30日全国大豆价格,2014/4/30
30日山东地区豆粕市场最新行情,2014/4/30
美国现货玉米大豆升贴水大体持稳,2014/4/29
2014年4月28日全国大豆价格,2014/4/29
2014年4月27日全国大豆价格,2014/4/28
技术分析：本周豆粕1409继续反弹空间或将有限,2014/4/28
库存统计：近日湖北武汉地区油厂码头豆粕库存,2014/4/28
2014年4月25日全国大豆价格,2014/4/26
2014年4月24日全国大豆价格,2014/4/24
2014年4月23日全国大豆价格,2014/4/24
2014年4月22日全国大豆价格,2014/4/23
猪价下跌 豆粕玉米行情逆袭或无望,2014/4/23
技术分析：美豆粕指数下跌调整结束后或继续上涨,2014/4/23
4月22日黑龙江豆粕市场持续小幅波动,2014/4/23
2014年4月21日全国大豆价格,2014/4/22
市场观察：利多题材不断 豆粕仍将维持偏强走势,2014/4/22
21日山东豆粕豆油市场最新行情,2014/4/22
库存统计：近日湖北武汉地区油厂码头豆粕库存统计,2014/4/21
福建漳州边检站一季度验放进口大豆突破15万吨,2014/4/20
18日山东地区豆粕豆油市场最新行情,2014/4/18
2014年4月18日全国大豆价格,2014/4/18
豆粕期市逢高减仓 油脂震荡操作,2014/4/18
USDA：17日豆粕周度出口销售及装船报告,2014/4/18
17日山东地区豆粕豆油市场最新行情,2014/4/18
15日山东地区豆粕豆油市场最新行情,2014/4/15
14日山东地区豆粕豆油市场最新行情,2014/4/15
技术分析：近期豆粕1409合约或继续下跌调整,2014/4/14
11日山东地区豆粕豆油市场最新行情,2014/4/12
豆粕需求疲软 现货有价无市,2014/4/12
美农报告中性偏多 豆粕追涨仍需谨慎,2014/4/10
2014年4月09日全国大豆价格,2014/4/9
近期豆粕指数合约或维持高位震荡格局,2014/4/9
市场观察：下游需求不济 豆粕牛市行情难以再现,2014/4/9
8日山东豆粕豆油棕榈油市场最新行情,2014/4/8
2014年4月04日全国大豆价格,2014/4/5
2014年4月03日全国大豆价格,2014/4/4
USDA：4月3日豆粕周度出口销售及装船报告,2014/4/4
3日山东地区豆粕豆油市场最新行情,2014/4/4
2014年4月02日全国大豆价格,2014/4/3
2日山东地区豆粕豆油市场最新行情,2014/4/3
价格优势将激励巴西农户种植第二轮大豆,2014/4/2
国内需求不旺 豆粕追涨风险加大,2014/4/2
2014年4月01日全国大豆价格,2014/4/1
2014年3月31日全国大豆价格,2014/4/1
美农报告褒贬不一 粕强油弱格局延续,2014/4/1
4月豆粕市场后市上涨仍可期待,2014/4/1
2014年3月28日全国大豆价格,2014/3/29
2014年3月27日全国大豆价格,2014/3/29
2014年3月26日全国大豆价格,2014/3/29
2014年3月25日全国大豆价格,2014/3/26
2014年3月24日全国大豆价格,2014/3/26
2014年3月23日全国大豆价格,2014/3/26
2014年3月22日全国大豆价格,2014/3/26
豆粕市场近弱远强 油脂行情低位震荡,2014/3/26
24日国内各部分地区豆粕成交价格,2014/3/26
24日山东地区豆粕大豆市场最新行情,2014/3/26
USDA参赞：巴西14年度豆粕消费量预计1300万吨,2014/3/24
2014年3月21日全国大豆价格,2014/3/22
2014年3月20日全国大豆价格,2014/3/22
USDA：20日豆粕周度出口销售及装船报告,2014/3/22
谨防豆粕高位回跌 油脂市场弱势不改,2014/3/22
20日山东地区大豆豆粕市场最新行情,2014/3/22
2014年3月19日全国大豆价格,2014/3/20
3月20日豆粕大豆分析预测行情,2014/3/20
市场观察：豆粕主力合约反弹逾2％ 难改弱势格局,2014/3/20
19日国内各部分地区豆粕成交价格,2014/3/20
2014年3月18日全国大豆价格,2014/3/19
2014年3月17日全国大豆价格,2014/3/17
2014年3月16日全国大豆价格,2014/3/17
2014年3月15日全国大豆价格,2014/3/17
技术分析：近期豆粕1409合约期价或继续下跌,2014/3/17
2014年3月14日全国大豆价格,2014/3/15
2014年3月13日全国大豆价格,2014/3/15
13日山东地区豆油豆粕大豆价格行情,2014/3/15
油世界：13年10月到14年2月印度豆粕出口下滑,2014/3/15
终端需求疲软 豆粕弱势行情难改,2014/3/15
2014年3月12日全国大豆价格,2014/3/13
2014年3月11日全国大豆价格,2014/3/11
2014年3月10日全国大豆价格,2014/3/11
USDA：美国13/14年度豆粕产量出口和库存,2014/3/11
运用波浪理论解析豆粕指数走势及行情,2014/3/11
库存统计：近日武汉地区码头油厂豆粕库存统计,2014/3/11
10日山东豆粕豆油市场最新行情,2014/3/11
2014年3月9日全国大豆价格,2014/3/10
2014年3月8日全国大豆价格,2014/3/10
2014年3月7日全国大豆价格,2014/3/10
7日国内部分地区油厂豆粕最新报价,2014/3/8
2014年3月5日全国大豆价格,2014/3/7
2014年3月4日全国大豆价格,2014/3/5
5日国内各地区油厂豆粕价格小幅下跌,2014/3/5
USDA：美14/15年度豆粕出口达1100万短吨,2014/3/5
近期黑龙江地区豆粕市场略有波动,2014/3/5
3日山东地区豆油市场最新行情,2014/3/5
2014年3月3日全国大豆价格,2014/3/4
2014年3月2日全国大豆价格,2014/3/4
2014年3月1日全国大豆价格,2014/3/4
2014年2月27日全国大豆价格,2014/3/2
2014年2月26日全国大豆价格,2014/3/2
2014年2月25日全国大豆价格,2014/2/25
2014年2月24日全国大豆价格,2014/2/25
技术分析：短期美豆粕指数合约或震荡后下跌,2014/2/25
近日黑龙江地区豆粕购销活动日渐恢复,2014/2/25
2014年2月23日全国大豆价格,2014/2/24
USDA：21日豆粕周度出口销售及装船报告,2014/2/24
市场观察：供需形势尚未好转 豆粕追涨需谨慎,2014/2/24
2014年2月21日全国大豆价格,2014/2/22
猪价行情下跌 豆粕企业采购持续谨慎,2014/2/21
豆粕大豆供需形势不支持价格持续反弹,2014/2/21
20日国内各地区油厂豆粕价格下跌,2014/2/21
20日河北秦皇岛地区豆粕市场最新动态,2014/2/21
2014年2月19日全国大豆价格,2014/2/20
供需趋于宽松 豆粕高位风险加剧,2014/2/20
市场观察：供需趋于宽松 豆粕高位风险加剧,2014/2/20
18日黑龙江大豆市场行情及购销快报,2014/2/20
2014年2月18日全国大豆价格,2014/2/19
大豆供给前景充裕豆粕价格将振荡寻底,2014/2/19
期市评论：19日豆粕市场短期振荡或偏强,2014/2/19
国内市场：2月18日国内各地区豆粕价格行情,2014/2/19
市场观察：豆粕多空因素交织 后期或偏强震荡,2014/2/18
国内市场：2月17日国内各地区豆粕价格行情,2014/2/18
商务部：1月下半月粕类进口数据信息统计,2014/2/18
2014年2月17日全国大豆价格,2014/2/17
2014年2月16日全国大豆价格,2014/2/17
2014年2月15日全国大豆价格,2014/2/17
技术分析：短期豆粕1405合约看空或震荡,2014/2/17
17日河北秦皇岛地区油厂豆粕报价,2014/2/17
市场观察：豆粕短期震荡偏强 中期仍存压力,2014/2/17
国农业网Agronet农业博物馆：大豆可替代肉类（图）,2014/2/16
巴西开发具有抗旱能力的转基因大豆,2014/2/15
14日大连地区油厂豆粕行情和库存统计,2014/2/15
2014年2月14日全国大豆价格,2014/2/14
2014年2月13日全国大豆价格,2014/2/14
USDA：13日豆粕周度出口销售及装船报告,2014/2/14
市场观察：上行动力不足 豆粕回调压力加大,2014/2/14
2014年2月12日全国大豆价格,2014/2/13
2014年2月11日全国大豆价格,2014/2/11
巴西8000万吨大豆约有一半出口至中国,2014/2/11
2014年2月10日全国大豆价格,2014/2/11
2014年2月9日全国大豆价格,2014/2/10
春节后黑龙江豆粕市场购销进入清淡期,2014/2/9
USDA：2月6日豆粕周度出口销售及装船报告,2014/2/7
CBOT日评：1月27日大豆豆油豆粕期货收盘报价,2014/1/28
23日河北秦皇岛地区豆粕市场最新动态,2014/1/23
CBOT日评：1月22日大豆豆油豆粕期货收盘报价,2014/1/23
国内豆粕市场或将维持震荡偏弱运行,2014/1/23
协会预计大豆种植面积减半,2014/1/21
期市分析：1月份油厂豆粕库存偏低 现货价格较稳,2014/1/21
2014年1月19日全国大豆价格,2014/1/20
CBOT日评：1月17日大豆豆油豆粕期货收盘报价,2014/1/20
技术分析：短期豆粕1405主力合约或小幅反弹,2014/1/20
期市关注：下游需求可能转淡 豆粕上涨空间受限,2014/1/20
大豆：2013年进口6340万吨创纪录,2014/1/19
期市关注：油脂谨慎试多 粕类多单可逢高适量兑现,2014/1/18
大豆进口6340万吨创纪录,2014/1/18
2014年1月16日全国大豆价格,2014/1/17
2014年1月14日全国大豆价格,2014/1/17
中国2013年大豆进口量增加8.6% 创纪录高位,2014/1/17
2014年1月12日全国大豆价格,2014/1/14
市场关注：豆油价差内外倒挂 豆粕下跌走势难改,2014/1/14
技术分析：运用波浪理论分析解读美豆粕指数,2014/1/14
期市关注：油厂挺粕抛油 豆粕期价料弱势震荡,2014/1/14
USDA：美国13/14年豆粕年末库存30万吨,2014/1/13
CBOT日评：1月10日大豆豆油豆粕期货收盘报价,2014/1/13
2014年1月8日全国大豆价格,2014/1/10
国内市场：10日国内豆粕现货成交价格稳中下调,2014/1/10
USDA：1月9日豆粕周度出口销售及装船报告,2014/1/10
国内市场：1月9日国内豆油豆粕平均价格,2014/1/10
9日河北秦皇岛地区豆粕市场最新动态,2014/1/10
9日大连豆粕报价及油厂开机情况,2014/1/10
9日山东日照地区豆粕市场最新动态,2014/1/10
1月9日广西地区豆粕最新价格行情,2014/1/10
国际市场：13年10-12月印度豆粕出口同比增长8.3％,2014/1/10
CBOT日评：豆粕期货1月8日收盘报价统计,2014/1/10
市场关注：贸易商称美国DDGS的进口检测已放宽,2014/1/10
期市评论：1月9日国内豆粕市场最新数据日报,2014/1/10
1月大豆消费淡季 豆粕供给较宽松,2014/1/10
冬季疫情高发期将近 或利空豆粕,2014/1/10
CBOT日评：8日大豆豆油豆粕期货收盘报价,2014/1/10
市场利空因素压制 后期豆粕渐显弱势,2014/1/10
期市评论：豆粕市场焦点转向天气 空单谨慎持有,2014/1/8
CBOT日评：1月7日大豆豆油豆粕期货收盘报价,2014/1/8
SEAI：13年12月印度油粕出口同比增长3％,2014/1/8
国内市场：1月7日国内豆油豆粕平均价格,2014/1/8
1月7日大连豆粕报价及油厂开机情况,2014/1/8
2014年1月6日全国大豆价格,2014/1/7
7日黑龙江豆粕市场行情维持基本稳定,2014/1/7
1月7日国内地区豆粕市场最新行情,2014/1/7
CBOT日评：1月6日大豆豆油豆粕收盘报价,2014/1/7
期市关注：综合国际国内供求及成本因素 连粕看空,2014/1/7
市场观察：油脂市场疲势延续 市场购销变化不大,2014/1/6
运用波浪理论分析豆粕市场走势和行情,2014/1/6
CBOT日评：1月3日大豆豆油豆粕期货收盘报价,2014/1/6
USDA：1月3日豆粕周度出口销售及装船报告,2014/1/6
2014年1月3日全国大豆价格,2014/1/3
供应趋宽松 豆粕市场难有趋势性上涨,2014/1/3
期市观察：供应趋宽松 豆粕难有趋势性上涨,2014/1/3
市场观察：供需紧平衡 豆粕调整难改强势格局,2014/1/3
市场观察：直补政策考虑推出 粕类受到影响较小,2014/1/3
期市观察：内强外弱 高升水限制豆粕回调空间,2013/12/31
深圳检验检疫局植物隔离检疫中心对进境大豆进行隔离试种,2013/12/27
期市观察：美国豆粕2014年趋势性行情难现,2013/12/27
期市观察：大连豆粕期货短期将延续前期高位振荡,2013/12/27
山东大豆新品种“齐黄34”创甘肃省高产纪录,2013/12/25
国内豆粕走势趋弱 后市需看阿根廷天气,2013/12/24
黑龙江地区豆粕市场维持基本稳定行情,2013/12/24
CBOT日评：23日大豆豆油豆粕期货收盘报价,2013/12/24
国际市场：20日美国大豆现货基差报价保持稳定,2013/12/24
国际市场：13/14年印度油粕增产 出口或持稳,2013/12/24
12月20日辽宁铁岭大豆价格,2013/12/21
河南省豆粕行业投资前景分析报告,2013/12/20
CBOT日报：19日大豆豆油豆粕期货收盘报价,2013/12/20
市场观察：大豆供应冲击 豆粕中期下跌概率较大,2013/12/20
19日远期豆粕期货市场走势分析,2013/12/20
市场观察：需求相对稳定 豆粕震荡走弱态势难改,2013/12/18
运用波浪理论分析美国豆粕指数走势,2013/12/17
黑龙江地区豆粕市场行情基本稳定,2013/12/17
USDA：13/14年度美国豆粕出口步伐表现强劲,2013/12/16
豆粕现货市场冲高回落 等待报告,2013/12/12
国内大豆豆油豆粕后期行情震荡延续,2013/12/12
CBOT日评：11日大豆豆油豆粕期货收盘报价,2013/12/12
CBOT日评：12月9日大豆豆油豆粕期货收盘报价,2013/12/10
市场观察：供需报告预期偏多 豆粕酝酿上涨行情,2013/12/10
上周山东地区豆粕报价库存及开机情况,2013/12/9
技术分析：豆粕1405合约或将延续下跌走势,2013/12/9
CBOT日评：6日大豆豆油豆粕期货收盘报价,2013/12/9
美豆1320偏强调整 内盘粕强油弱,2013/12/7
青海也能种大豆亩产超过500斤,2013/12/5
5日陕西渭南合阳大豆豆油豆粕最新行情,2013/12/5
技术分析：近期豆粕指数合约或仍有上涨空间,2013/12/4
CBOT日评：12月3日大豆豆油豆粕期货收盘报价,2013/12/4
12月4日国内部分地区豆粕市场行情,2013/12/4
三部委部署东北收储：禁购进口玉米大豆,2013/12/1
进口大豆“逼”着国产豆油落价,2013/11/30
国内大豆产业已到最危险时刻,2013/11/30
旺盛需求支撑豆粕 仍以观望为主,2013/11/28
CBOT日评：11月27日大豆豆油豆粕期货收盘报价,2013/11/28
粮食临时收储启动严禁收购进口玉米大豆,2013/11/26
近日黑龙江豆粕市场购销行情稳定,2013/11/26
CBOT日评：11月25日大豆豆油豆粕期货报价,2013/11/26
市场观察：备货周期临近 国内豆粕偏强势头难改,2013/11/26
25日山东日照地区豆粕市场最新行情,2013/11/25
25日陕西渭南大豆豆油豆粕市场行情,2013/11/25
豆粕供应前景改善 逢高做空机会,2013/11/22
11月21日国内部分地区豆粕市场行情,2013/11/22
11月20日国内豆粕价格稳中有跌,2013/11/20
11月19日国内部分地区豆粕市场行情,2013/11/20
技术分析：美豆粕指数合约短期或维持低位震荡,2013/11/20
近期黑龙江地区豆粕市场行情基本稳定,2013/11/20
期市评论：出口数据强劲 豆粕价格隔夜收高,2013/11/20
供给宽松 豆粕行情或在震荡中下行,2013/11/19
浙江衢州大豆持稳 食用油价小幅上涨,2013/11/19
CBOT日评：11月18日大豆豆油豆粕期货收盘报价,2013/11/19
CBOT日评：11月14日大豆豆油豆粕期货收盘,2013/11/15
13日大连油厂豆粕行情及开机库存统计,2013/11/13
11月12日国内部分地区豆粕市场行情,2013/11/13
12日陕西地区豆粕市场最新行情,2013/11/13
近日黑龙江地区豆粕市场购销行情稳定,2013/11/13
技术分析：本周豆粕1401合约或面临震荡调整,2013/11/11
豆类市场粕强油弱 鸡蛋行情近弱远强,2013/11/11
油世界：2013年十月份印度豆粕出口20.8万吨,2013/11/11
CBOT日评：11月11日大豆豆粕豆油期货收盘报价,2013/11/11
中国农业网Agronet国际农情：美国大豆和玉米出口均有所下降,2013/11/10
7日陕西渭南大豆豆油豆粕市场行情,2013/11/7
期市分析：报告前头寸调整 豆粕隔夜回补,2013/11/7
CBOT日评：11月6日大豆豆油豆粕期货收盘报价,2013/11/7
5日黑龙江地区豆粕市场购销行情稳定,2013/11/5
库存统计：近日湖南地区码头油厂豆粕库存统计,2013/11/5
CBOT日评：11月4日大豆豆油豆粕期货收盘报价,2013/11/5
期市评论：豆粕期货市场短期走势依然偏空,2013/11/5
美豆价格破位下跌 油强粕弱走势延续,2013/11/5
大豆供应充足 豆粕振荡走弱,2013/11/2
1日大连豆粕报价及油厂开机情况,2013/11/2
技术分析：本周豆粕1405合约或面临方向选择,2013/10/28
28日陕西渭南大豆豆油豆粕市场行情,2013/10/28
期市评论：豆粕市场需求旺盛 前期可多单持有,2013/10/28
市场观察：大豆供给较为充足 豆粕回调空间受限,2013/10/28
大豆丰产豆粕跌价 四季度看油强粕弱,2013/10/23
库存统计：近日湖南地区码头厂家豆粕货源库存统计,2013/10/23
CBOT日评：10月22日大豆豆油豆粕期货收盘报价,2013/10/23
技术分析：短期美豆粕指数合约或将宽幅震荡,2013/10/23
豆油延续反弹 油粕比值修复概率增大,2013/10/21
CBOT日评：18日大豆豆油豆粕期货收盘报价,2013/10/21
市场观察：豆粕现货逐步缓解 期价可能趋于弱势,2013/10/21
CBOT日评：10月17日大豆豆油豆粕期货收盘报价,2013/10/19
期市分析：需求旺盛导致千点基差豆粕可能上涨,2013/10/19
菜粕市场走弱或将拖累豆粕市场行情,2013/10/19
17日陕西渭南大豆豆油豆粕最新行情,2013/10/17
期市分析：10月17日豆粕期货市场分析预测,2013/10/17
新豆上市冲击 豆粕期现价格集体回落,2013/10/17
CBOT日评：16日大豆豆粕豆油期货收盘报价,2013/10/17
期市分析：豆粕短期走势偏弱 相关产品信息分析,2013/10/17
16日山西渭南大豆豆油豆粕市场行情,2013/10/16
期市分析：10月16日豆粕回调步伐或将放缓,2013/10/16
期市分析：美豆粕下跌或将对今日连豆粕构成拖累,2013/10/16
CBOT日评：10月15日大豆豆油豆粕期货收报价,2013/10/16
市场关注：豆粕期现市场将呈“先抑后扬”走势,2013/10/16
10月15日黑龙江地区豆粕市场购销平稳,2013/10/15
15日陕西渭南大豆豆油豆粕市场行情,2013/10/15
期市分析：10月15日豆粕大豆早盘分析摘要,2013/10/15
市场动态：暴雨可能制约印度十月份豆粕出口情况,2013/10/15
CBOT日评：14日大豆豆油豆粕期货收盘报价,2013/10/15
期市观察：豆粕主力合约1401本周观点,2013/10/14
14日国内主要地区大豆豆油豆粕行情,2013/10/14
14日华北部分地区豆粕市场最新行情,2013/10/14
14日华南分部地区豆粕市场最新行情,2013/10/14
期市分析：豆粕或将停飞 部分油脂油料出现调整,2013/10/14
饲养业需求支撑 豆粕“内强外弱”,2013/10/11
10月11日黑龙江豆粕市场最新行情,2013/10/11
11日山东博兴地区豆粕市场最新行情,2013/10/11
短期内大豆油脂或将以低位反弹为主,2013/10/11
11日全国主要地区豆粕市场最新行情,2013/10/11
期市分析：10月10日豆粕市场放量减仓回调,2013/10/11
CBOT日评：10月10大豆豆油豆粕期货收盘报价,2013/10/11
美豆背靠1300调整 内盘粕强油弱,2013/10/9
CBOT日评：9月8日大豆豆油豆粕期货收盘报价,2013/10/9
豆粕支持偏多格局 豆油库存压力继续增大,2013/10/8
国内豆粕行情仍较强 建议后期逢低做多,2013/10/8
CBOT日评：10月7日大豆豆油豆粕期货收盘报价,2013/10/8
市场观察：供需依旧紧平衡 支持豆粕偏多格局,2013/10/8
供应压力增加 粕价上行再度承压,2013/9/30
26日国内主要地区豆粕市场最新行情,2013/9/26
仍处箱体震荡 豆粕行情建议短线操作,2013/9/26
CBOT日评：9月25日大豆豆油豆粕期货收盘报价,2013/9/26
波浪理论解读美豆粕指数,2013/9/25
25日国内主要地区豆粕市场最新行情,2013/9/25
国际市场：豆粕行情节前观望为主 追高风险大,2013/9/25
国储大豆抛售增加国内阶段性供给,2013/9/24
9月24日黑龙江豆粕价格维持基本稳定,2013/9/24
CBOT日评：9月23日大豆豆油豆粕期货收盘报价,2013/9/24
后期豆类市场或仍维持粕强油弱的格局,2013/9/16
国际市场：印度大豆丰产 提振本国豆粕出口销售,2013/9/16
CBOT日评：9月13日大豆豆油豆粕期货收盘报价,2013/9/16
CBOT日评：9月10日大豆豆油豆粕期货收盘报价,2013/9/11
CBOT日评：9月6日大豆豆油豆粕期货收盘报价,2013/9/9
国际市场：豆粕行情高位震荡 建议日内高抛低吸,2013/9/6
CBOT日评：9月5日大豆豆油豆粕期货收盘报价,2013/9/6
产业观察：豆粕大涨对东凌销售未产生影响,2013/9/4
市场观察：豆类天气题材未尽 豆粕行情延续强势,2013/9/4
基金看涨强烈 连粕行情继续走强,2013/9/4
技术分析：短期豆粕主力1401合约或将震荡调整,2013/9/2
美国天气炒作延续 豆粕行情偏弱震荡,2013/9/2
CBOT日评：8月30日大豆豆油豆粕期货收盘报价,2013/9/2
30日山东日照地区豆粕市场最新行情,2013/8/31
30日陕西渭南地区大豆豆油豆粕报价,2013/8/31
CBOT日评：28日大豆豆油豆粕期货收盘价,2013/8/29
28日山东日照地区豆粕市场最新行情,2013/8/29
浙江省衢州批发市场豆粕及菜粕价格信息,2013/8/27
期市分析：豆粕多头凝心聚力 空头溃散减仓,2013/8/23
期市观察：天气市积累 豆粕高位放空筹码,2013/8/22
20日大连豆粕报价及油厂开机情况,2013/8/21
20日山东日照地区豆粕市场最新行情,2013/8/21
8月20日黑龙江地区豆粕市场行情稳定,2013/8/21
天气市卷土重来 内外因素联动助涨豆粕,2013/8/19
CBOT日评：16日大豆豆油豆粕期货收盘报价,2013/8/19
行情表现虽强势 豆粕后市不可看过高,2013/8/17
CBOT日评：8月15日大豆豆油豆粕期货收盘报价,2013/8/17
国内粕类板块齐涨 反转行情隐现,2013/8/17
CBOT日评：8月14日大豆豆油豆粕期货收盘报价,2013/8/15
消费旺季即将结束 豆粕期价面临降温,2013/8/15
CBOT日评：8月13日大豆豆油豆粕期货收盘报价,2013/8/15
12日国内部分地区豆粕市场最新行情,2013/8/12
12日山东日照地区豆粕市场最新行情,2013/8/12
CBOT日评：8月9日大豆豆粕豆油期货盘面报价,2013/8/12
8月9日国内部分地区豆粕市场最新行情,2013/8/9
CBOT日评：8月8日大豆豆油豆粕期货收盘报价,2013/8/9
“空”气主导 豆粕行情难打翻身仗,2013/8/5
CBOT日评：8月2日大豆豆油豆粕期货收盘下跌,2013/8/5
大豆最低收购保护价政策或被取消,2013/8/3
2日山东日照地区豆粕市场最新行情,2013/8/3
CBOT日评：8月2日大豆豆油豆粕期货收盘报价,2013/8/3
1日大连地区豆粕报价及油厂开机情况,2013/8/3
1日山东日照地区豆粕市场最新行情,2013/8/3
1日国内部分地区豆粕市场行情最新报价,2013/8/3
CBOT日评：31日大豆豆油豆粕期货收盘报价,2013/8/3
31日山东日照地区豆粕市场最新行情,2013/8/3
31日国内主要地区豆粕市场最新行情,2013/8/3
国际市场：今年6月份俄罗斯大幅提高豆粕进口,2013/8/3
市场观察：利空因素犹存 豆粕仍存回调压力,2013/8/3
30日黑龙江地区豆粕收购市场最新行情,2013/7/30
CBOT日评：29日大豆豆粕豆油期货收盘报价,2013/7/30
30日国内主要地区豆粕市场最新行情,2013/7/30
豆粕行情弱势整理 建议逢高建立空单,2013/7/30
29日大连地区豆粕出厂报价及开机情况,2013/7/30
CBOT日评：26日大豆豆粕豆油期货收盘报价,2013/7/30
29日山东日照地区豆粕市场最新行情,2013/7/30
26日大连地区油厂豆粕行情和库存统计,2013/7/27
7月26日国内各地区豆粕行情下跌,2013/7/27
25日大连地区豆粕行情和库存统计,2013/7/27
7月24日国内各地区豆粕价格行情,2013/7/25
禽流感病例再现 豆粕应提防回调风险,2013/7/24
美豆遭受重创 连豆粕涨势中暗含风险,2013/7/24
黑龙江豆粕购销清淡 行情基本稳定,2013/7/24
豆粕市场利空来袭 油脂行情低开高走,2013/7/23
技术分析：波浪理论解读豆粕期市近远月合约走势,2013/7/23
22日大连地区油厂豆粕行情和库存统计,2013/7/23
7月22日国内各地区豆粕价格行情,2013/7/23
19日大连地区油厂豆粕行情和库存统计,2013/7/20
18日大连地区豆粕报价及开机库存情况,2013/7/19
18日国内部分地区豆粕市场最新行情,2013/7/19
17日国内地区豆粕市场最新市场行情,2013/7/19
16日大连地区豆粕报价及开机库存情况,2013/7/19
16日山东日照地区豆粕市场最新行情,2013/7/19
16日国内主要地区豆粕市场最新行情,2013/7/19
波浪理论解读美豆粕指数 后期震荡整理,2013/7/19
7月16日黑龙江地区豆粕市场购销行情,2013/7/19
贸易商看空情绪浓厚 湖南豆粕走货一般,2013/7/19
15日山东日照地区豆粕市场最新行情,2013/7/15
豆类反弹逼近压力 短期有望回落调整,2013/7/15
黑垦区开展大豆中耕及喷施叶面肥作业（图）,2013/7/13
12日大连地区油厂豆粕行情和库存统计,2013/7/13
12日国内主要地区豆粕市场最新行情,2013/7/13
行情震荡整理 建议豆粕多单谨慎持有,2013/7/13
供应偏紧局面缓解 豆粕反弹或非反转,2013/7/13
11日山东日照地区豆粕市场最新行情,2013/7/11
CBOT日评：7月10日大豆豆油豆粕期货收盘报价,2013/7/11
大豆豆油豆粕棕榈油产品内外收盘齐涨,2013/7/11
10日山东日照地区豆粕市场最新行情,2013/7/11
10日国内主要地区豆粕市场最新行情,2013/7/11
大豆市场供需缓解 难阻豆粕价格弱势下行,2013/7/10
天气炒作渐起 豆粕强势行情或将来袭,2013/7/10
现货价支撑 豆粕行情期货再度回升,2013/7/10
市场关注：菜粕近期现货支撑 远期跟随豆粕起舞,2013/7/10
市场观察：干旱炒作再现 豆粕强势领涨农产品,2013/7/10
7月国内大豆到港或创新高,2013/7/9
9日国内主要地区豆粕市场最新行情,2013/7/9
7月9日黑龙江地区豆粕市场购销行情,2013/7/9
CBOT：7月8日大豆豆油豆粕期货收盘报价期货,2013/7/9
8日大连地区油厂豆粕报价及开机情况,2013/7/8
大宗商品商品普跌 豆粕日内低开高走,2013/7/8
中国2013/14年度大豆产量料为1200万吨,2013/7/5
震荡偏弱 豆粕前期空单可继续持有,2013/7/5
5日国内部分地区豆粕市场最新行情,2013/7/5
4日山东日照地区豆粕市场最新行情,2013/7/5
4日国内主要地区豆粕市场行情最新报价,2013/7/5
国际市场：周三美国豆粕现货基差报价依然坚挺,2013/7/5
日内偏多 豆粕前期空单可继续持有,2013/7/5
欧盟将增加大豆进口 以填补南美豆粕缺口,2013/7/3
3日山东日照地区豆粕市场最新行情,2013/7/3
3日国内主要地区豆粕市场最新行情,2013/7/3
行情反弹强势 建议后期豆粕逢低做多,2013/7/3
CBOT日评：7月2日大豆豆油豆粕期货收盘报价,2013/7/3
市场观察：大豆供需面压制 豆粕后市振荡回调,2013/7/3
农业部放行转基因大豆引发多方专注,2013/7/2
豆粕跌势成立 油脂难有起色,2013/7/2
2日国内主要地区豆粕市场最新行情,2013/7/2
湖南地区豆粕后期行情有下跌空间,2013/7/2
1日大连地区油厂豆粕价格及开机库存情况,2013/7/2
1日国内主要地区豆粕市场最新行情,2013/7/2
1日陕西渭南合阳地区豆油豆粕市场价格,2013/7/2
根据波浪理论豆粕指数下跌有可能结束,2013/7/2
国内外大豆市场热点浅议及后市分析,2013/7/2
CBOT日评：6月27日豆油期货价格收盘下跌,2013/7/2
中国大豆种植业缘何不断萎缩,2013/6/30
我国大豆种植意愿持续走弱,2013/6/27
CBOT日评：6月26日豆粕期货价格收盘上涨,2013/6/27
油世界：南美产量增加 豆粕价格可能下跌,2013/6/27
新华社：进口转基因大豆应尊重群众意愿,2013/6/26
转基因大豆：专家力挺 公众担忧（图）,2013/6/26
转基因大豆准吃不准种背后：安全性还不确定,2013/6/26
郑风田：进口转基因大豆 为何不可怕？,2013/6/26
国产大豆夹缝中求生 遭受转基因大豆轮番冲击,2013/6/26
进口转基因大豆冲击 国产大豆产业陷困局（图）,2013/6/26
转基因大豆将进更多领域 官员称无需担心安全,2013/6/26
中国大豆返销回国 经吉林口岸进口,2013/6/26
今年美国大豆播种面积预计为7802.4万英亩,2013/6/26
黑龙江合作社销售大豆上网络,2013/6/26
巴西计划种6亿亩新转基因大豆,2013/6/26
中国大豆进口数量为6750万吨,2013/6/26
26日国内部分地区豆粕市场最新行情,2013/6/26
波浪理论解读美豆粕指数 后期或震荡下行,2013/6/26
CBOT日评：6月25日豆粕期货价格收盘上涨,2013/6/26
反弹强势 建议豆粕后市空头需谨慎,2013/6/26
25日山东日照豆油豆粕市场最新行情,2013/6/26
6月25日国内主要地区豆粕市场行情,2013/6/26
CBOT日评：6月24日豆油期货价格收盘上涨,2013/6/26
CBOT日评：6月24日豆粕期货价格收盘上涨,2013/6/26
油世界：2013/14年度全球豆粕产量将增长4％,2013/6/26
24日大连豆粕市场行情及开机库存情况,2013/6/26
CBOT日评：6月21日豆粕期货价格收盘上涨,2013/6/26
24日山东日照地区豆粕市场最新行情,2013/6/26
基本面偏弱 豆粕行情逢反弹抛空,2013/6/26
CBOT日评：6月20日豆粕期货收盘价格下跌,2013/6/26
远月豆类偏强 CBOT豆粕微幅收升,2013/6/26
20日国内主要地区豆粕市场最新行情,2013/6/26
CBOT日评：6月19豆粕期货价格收盘上涨,2013/6/26
期市日评：大连豆粕期货6月19日低开整理,2013/6/19
19日国内主要地区豆粕市场最新行情,2013/6/19
中国大豆进口量或少于预期（图）,2013/6/19
18日大连地区油厂豆粕报价及库存统计,2013/6/18
18日山东日照地区豆粕市场最新行情,2013/6/18
CBOT日评：6月17日豆粕期货价格收盘上涨,2013/6/18
CBOT日评：6月17日豆粕期货价格收盘下跌,2013/6/18
农业部：转基因大豆问与答,2013/6/17
中国批准进口三种新转基因大豆,2013/6/14
供应日趋充裕 豆粕短多远空,2013/6/14
6月14日黑龙江地区豆粕市场最新行情,2013/6/14
豆粕大豆强中回撤 维持多单趋势操作,2013/6/14
CBOT日评：6月12日豆粕期货收盘价格下跌,2013/6/14
USDA：美国2013/14年度豆粕出口预估,2013/6/14
USDA或罕见地对大豆种植面积预估作出调整,2013/6/12
巴西称中国批准进口三种转基因大豆品种,2013/6/11
9日江苏南通地区豆粕市场最新行情,2013/6/9
9日山东日照地区豆粕市场最新行情,2013/6/9
市场关注：天气炒作再袭 豆粕持仓又冲300万,2013/6/8
8日山东日照地区豆粕市场最新行情,2013/6/8
豆粕棉粕行情高升 炒作还是反转？,2013/6/8
7日山东日照地区豆粕市场最新行情,2013/6/7
市场观察：豆粕复苏先行 油脂阶段性库存充裕,2013/6/7
豆粕短线回调难阻涨势 可逢低做多,2013/6/7
CBOT日评：6月6日豆粕期货价格互有涨跌,2013/6/7
市场观察：豆粕复苏先行 政策压制油脂反弹,2013/6/7
6日大连地区油厂开机情况及豆粕库存,2013/6/6
业界再论国产大豆何以落得“进口多份额小”,2013/6/6
6月大豆进口量料创新高725万吨,2013/6/6
6日国内主要地区豆粕市场最新行情,2013/6/6
5日国内主要地区豆粕市场最新行情,2013/6/5
5日山东日照地区豆粕市场最新行情,2013/6/5
4日国内主要地区豆粕市场最新行情,2013/6/4
降雨减缓美国玉米和大豆播种进度,2013/6/4
豆粕单日涨3％ 中粮系逆势大举做空,2013/6/4
6月4日黑龙江地区豆粕市场最新行情,2013/6/4
国内豆粕市场行情上涨 菜油跌势启动,2013/6/4
CBOT日评：6月3日豆粕期货价格收盘上涨,2013/6/4
现货量较少 湖南豆粕地区行情近期上涨,2013/6/4
3日河南地区豆粕市场市场最新行情,2013/6/3
3日国内东北地区豆粕市场最新行情,2013/6/3
3日广东东莞地区豆粕市场最新行情,2013/6/3
3日华北天津地区豆粕市场最新行情,2013/6/3
3日国内华东地区豆粕市场最新行情,2013/6/3
CBOT日评：5月31日豆粕期货收盘价格上涨,2013/6/3
供给增加 豆粕后期行情面临下行压力,2013/6/3
降雨美国玉米及大豆播种停顿,2013/6/1
豆粕近月偏强 可适量套利操作,2013/5/31
期市行情：5月31日大连豆粕期价格货高开高走,2013/5/31
31日国内华东地区豆粕市场最新行情,2013/5/31
黑龙江垦区大豆田中耕深松作业全面展开（图）,2013/5/31
疫情阴霾渐散 豆粕行情启动中级反弹,2013/5/30
连粕触及涨停板 期市再现天气炒作,2013/5/30
30日国内部分地区豆粕市场最新行情,2013/5/30
29日国内主要地区豆粕市场行情报价,2013/5/29
28日黑龙江地区豆粕购销市场行情平稳,2013/5/29
波浪理论解读豆粕指数 后期行情或下滑,2013/5/29
玉米减大豆增 今年价格争一争,2013/5/28
28日国内主要地区豆粕市场最新行情,2013/5/28
27日山东日照地区豆粕最新市场行情,2013/5/27
黑龙江集贤等地大豆种植近年来首增,2013/5/27
诸多因素影响 豆粕高位背后风险积聚,2013/5/27
24日国内主要地区豆粕市场最新行情,2013/5/24
豆粕行情乌云盖顶 后期或转入下跌,2013/5/24
豆粕看涨情绪不高 仍有冲高回落的风险,2013/5/23
CBOT：5月22日豆粕期货价格收盘上涨,2013/5/23
豆粕近强远弱持续 油脂等待方向选择,2013/5/23
市场观察：豆粕走势异常凌厉 下行风险犹存,2013/5/22
CBOT日评：5月21日豆粕期货价格互有涨跌,2013/5/22
21日黑龙江地区豆粕市场最新市场行情,2013/5/21
21日国内主要地区豆粕市场最新行情,2013/5/21
豆粕近强远弱格局保持 做大价差仍有机会,2013/5/20
20日国内部分地区豆粕市场最新行情,2013/5/20
USDA：截至9日美国农业部豆粕周度出口销售报告,2013/5/17
17日国内主要地区豆粕市场最新行情,2013/5/17
CBOT日评：5月16日豆粕期货收盘价格上涨,2013/5/17
16日山东日照豆油豆粕市场最新行情,2013/5/17
豆油再次下探底部 豆粕持续高位受压,2013/5/17
16日国内部分地区豆粕市场最新行情,2013/5/17
CBOT日评：5月15日豆粕期货价格收盘下跌,2013/5/17
15日国内主要地区豆粕市场最新行情,2013/5/15
市场关注：原料供应紧张 豆粕现货价格高企,2013/5/15
15日黑龙江地区豆粕市场最新购销行情,2013/5/15
CBOT日评：5月14日豆粕期货价格互有涨跌,2013/5/15
14日山东日照地区豆粕最新市场行情,2013/5/14
H7N9禽流感逐渐消减 豆粕或偏强,2013/5/14
14日国内主要地区豆粕市场最新行情,2013/5/14
CBOT日评：5月13日豆粕期货价格收盘上涨,2013/5/14
波浪理解读美豆粕指数 后期缓慢下跌,2013/5/14
禽流感影响减小 湖南豆粕市场需求好转,2013/5/14
13日国内主要地区豆粕市场最新行情,2013/5/14
2013年美国双季大豆播种面积或减少22%,2013/5/13
10日黑龙江年夜豆购销情形及播种快报,2013/5/10
豆粕反弹领涨 农产物中期走势难乐不美观,2013/5/9
9日国内各地域年夜豆类市场最新行情,2013/5/9
8日年夜连地域油厂豆粕行情和库存统计,2013/5/8
8日山东日照地域豆类市场最新行情,2013/5/8
8日国内各地域油厂豆粕市场价钱行情,2013/5/8
油世界：全球豆粕供给严重形势将持续至6月,2013/5/8
CBOT日评：5月3日豆粕期货价钱收盘上涨,2013/5/6
6日国内首要地域豆粕市场最新行情,2013/5/6
福建泉州首季度年夜豆进口增七成,2013/5/3
消费转向低迷 投资豆粕看多需谨严,2013/5/3
CBOT日评：5月2日豆粕期货价钱收盘上涨,2013/5/3
3日国内首要地域豆粕市场最新行情,2013/5/3
消费转向低迷 豆粕行情看多需谨严,2013/5/3
CBOT日评：5月1日豆粕期货价钱收盘下跌,2013/5/3
2日国内首要地域豆粕市场行情报价,2013/5/2
多重身分影响 豆粕反弹难掩持久弱势,2013/5/2
印尼启动全国年夜豆种植行为,2013/4/30
黑龙江年夜豆卖意渐浓 买兴不强,2013/4/30
27日国内各地豆粕市场最新行情统计,2013/4/30
终端供需利空 本周豆粕市场依旧疲软,2013/4/30
26日年夜豆走强带动美豆粕收盘上涨,2013/4/30
五一假期临近 国内豆粕期市留仓需谨严,2013/4/26
4月26日国内各地域油厂豆粕价钱行情,2013/4/26
25日山东日照年夜豆类产物最新市场行情,2013/4/25
CBOT日评：4月24日豆粕期货价钱收盘下跌,2013/4/25
多空行情交叉 豆粕后期投资需沉着,2013/4/25
CBOT日评：4月23日豆粕期货价钱收盘回落,2013/4/25
23日黑龙江豆类购销行情及春耕快报,2013/4/23
短期反弹 建议投资者豆粕可考试考试做多,2013/4/18
CBOT日评：4月17日豆粕期货价钱收盘上涨,2013/4/18
CBOT日评：4月16日豆粕期货价钱收盘上涨,2013/4/17
国粮局：主产区累计收购年夜豆353.6万吨,2013/4/17
12日年夜连地域油厂豆粕库存及开机状况,2013/4/12
12日山东日照豆粕产物最新市场行情,2013/4/12
市场关注：利空频袭 豆粕6月或达到阶段性低点,2013/4/12
CBOT日评：4月11日豆粕期货收盘价钱下跌,2013/4/12
CBOT日评：4月11日豆粕期货收盘价钱上涨,2013/4/12
市场不雅察看：禽畜消费低迷 豆粕菜粕价差较着缩水,2013/4/11
COBT日评：4月11日豆粕期货价钱收盘下跌,2013/4/11
市场关注：水产行情兴旺 豆粕菜粕价差较着缩水,2013/4/11
9日国内部门地域豆粕市场最新行情,2013/4/9
CBOT日评：4月8日豆粕期货价钱收盘下跌,2013/4/9
8日国内部门地域豆粕市场最新行情,2013/4/8
禽流感突袭金融市场 豆粕玉米期价年夜跌,2013/4/7
海浪理论解读豆粕指数 面临反弹竣事,2013/4/7
CBOT日评：4月5日豆粕期货价钱收盘下跌,2013/4/7
期市剖析：利空身分增多 豆粕下行概率加年夜,2013/4/7
需求疲软 豆粕市场行情跌势或将开启,2013/4/3
近日黑龙江豆粕市场购销行情不变,2013/4/3
CBOT日评：4月1日豆粕期货收盘价钱下跌,2013/4/2
CBOT日评：3月28日豆粕期货收盘价钱下跌,2013/3/29
市场需求萎缩 豆粕市场或持续酝酿跌势,2013/3/28
28日国内部门地域豆粕市场最新报价,2013/3/28
油世界：美国豆粕产量可能年夜四月份起头下滑,2013/3/28
中国年夜豆进口或低于美国农业部的预期,2013/3/27
26日黑龙江地域豆粕市场最新购销行情,2013/3/26
“航天算夜豆”横空出生避世草根专家圆中国年夜豆梦,2013/3/26
短期缺乏标的目的 连豆市场不宜盲目追高,2013/3/26
中国4月年夜豆进口量或不及450万吨,2013/3/25
国内进口年夜豆库存降至458吨,2013/3/25
专家：经由过程进口年夜豆来知足国内需求不成避免,2013/3/25
25日年夜连地域油厂豆粕价钱及库存情形,2013/3/25
22日年夜连地域油厂豆粕价钱及库存情形,2013/3/22
22日国内首要地域豆粕市场最新行情,2013/3/22
21日国内豆粕市场行情稳中有涨,2013/3/21
美豆连跌6日 豆粕多头挺价意愿削弱,2013/3/20
20日国内各地域豆粕市场价钱稳中略跌,2013/3/20
CBOT：3月19日国际豆粕期货价钱收盘下跌,2013/3/20
美豆出口放缓 未来年夜豆市场仍将下跌,2013/3/19
19日国内各地豆粕市场行情整体持稳,2013/3/19
受国际市场拖累 北京年夜豆油批发价走低（图）,2013/3/19
进口年夜豆到港量较低，增添口岸挺价意愿,2013/3/18
国产年夜豆之殇，“有价无市”难逆弱势,2013/3/18
乌鲁木齐达坂城年夜豆将更新换代,2013/3/18
CBOT：3月15日国际豆粕期货价钱收盘下跌,2013/3/18
我国年夜豆采购焦点转向巴西（图）,2013/3/15
市场焦点转向呐缦憷 豆粕行情跌势未尽,2013/3/15
USDA：截至3月7日一周美豆粕净出口5.17万吨,2013/3/15
CBOT：3月14日国际豆粕期货价钱收盘下跌,2013/3/15
近期黑龙江豆粕价钱小幅上涨 购销活跃,2013/3/14
油脂期市跌势难改 粕类应谨严杀跌,2013/3/13
CBOT：3月12日国际豆粕期货价钱收盘下跌,2013/3/13
市场不雅察看：豆油库存偏高 粕强油弱名目仍将延续,2013/3/13
12日国内各地域油厂豆粕价钱小幅上涨,2013/3/12
供需面迥异 粕强油弱名目仍将延续,2013/3/12
CBOT：3月11日国际豆粕期货价钱收盘上涨,2013/3/12
国内年夜豆价将高位运行,2013/3/11
11日湖南地域豆粕口岸最新市场报价,2013/3/11
11日年夜连油厂豆粕价钱及库存开机状况,2013/3/11
11日国内豆粕现货价钱整体稳中有涨,2013/3/11
3月11日国内43％卵白豆粕出厂报价,2013/3/11
远期供给仍乐不美观 豆粕近强远弱将延续,2013/3/11
CBOT：3月8日国际豆粕期货市场价钱收盘上涨,2013/3/11
3月8日国内43％卵白豆粕出厂报价,2013/3/8
CBOT：3月7日国际豆粕期货市场价钱收盘上涨,2013/3/8
我国多措振兴年夜豆财富,2013/3/7
四川凉山：建成西南地域年夜豆财富带,2013/3/7
品种和科技是破解年夜豆种植萎缩关头,2013/3/7
中国年夜豆加工产能年夜幅提高,2013/3/7
CBOT：3月6日国际豆粕期货市场价钱收盘下跌,2013/3/7
3月6日国内43％卵白豆粕出厂报价,2013/3/7
萧山：成本走高鲜食年夜豆种植面积减四成,2013/3/6
美国年夜豆基差报价连结不变（图）,2013/3/4
CBOT：3月1日国际豆粕期货市场价钱收盘下跌,2013/3/4
3月1日国内43％卵白豆粕出厂报价,2013/3/4
CBOT：2月28日国际豆粕期货价钱收盘上涨,2013/3/4
市场不雅察看：阶段性供给严重 豆粕或现近强远弱名目,2013/3/4
2月28日国内43％卵白豆粕出厂报价,2013/3/4
全球年夜豆丰收 市场对美国干旱不再伤风,2013/2/28
CBOT：2月27日国际豆粕期货价钱收盘上涨,2013/2/28
2月27日国内43％卵白豆粕出厂报价,2013/2/28
CBOT：2月26日国际豆粕期货价钱收盘上涨,2013/2/28
市场不雅察看：采购趋向谨严 豆粕成交量难再放年夜,2013/2/28
2月26日国内43％卵白豆粕出厂报价,2013/2/28
CBOT：2月25日国际豆粕期货价钱收盘下跌,2013/2/28
市场关注：海浪理论展望未来豆粕价钱或持续下跌,2013/2/28
2月25日国内43％卵白豆粕出厂报价,2013/2/28
上周江苏豆粕上扬 菜粕棉粕价钱平稳,2013/2/28
粕类反弹势头延续 短期调整亦不容轻忽,2013/2/28
天津年夜豆产量低效益差 种植面积削减,2013/2/25
阿根廷现货年夜豆库存削减价钱持坚,2013/2/25
黑龙江齐齐哈尔近日年夜豆市场较偏僻,2013/2/25
年夜豆涨势带动美国玉米价钱水涨船高,2013/2/25
巴西年夜豆产量估量将达8342万吨,2013/2/25
阿根廷现货年夜豆价钱下跌 市场无生意告竣,2013/2/25
四川凉山州将建西南地域年夜豆财富带,2013/2/25
山东滕州最新年夜豆价钱2013年2月19日行情,2013/2/25
巴西年夜豆产量攀升 美棉库存量下调,2013/2/25
美国1月年夜豆压榨量为1.58195亿蒲式耳,2013/2/25
2月17日黑龙江地域年夜豆价钱行情,2013/2/25
春节时代滁州年夜豆食用油价平稳,2013/2/25
中国1月进口年夜豆478万吨 同比增添3.8%,2013/2/25
美国年度年夜豆收割面积预估7610万英亩,2013/2/25
全球原油价钱上涨年夜豆价钱走高,2013/2/7
2012年阿穆尔州出口中国年夜豆增添70倍,2013/2/7
豆粕期货承压调整 节前建议轻仓操作,2013/2/7
上海年夜豆成交量持仓量呈现较年夜幅度萎缩,2013/2/6
CBOT：2月5日国际豆粕期货市场价钱收盘上涨,2013/2/6
阿根廷现货年夜豆价钱上涨,2013/2/5
黑龙江年夜豆价钱2013年2月5日最新行情,2013/2/5
越南年夜米出口价小涨 巴西1月年夜豆出口284吨,2013/2/5
2月5日国内43％卵白豆粕出厂报价,2013/2/5
节前黑龙江年夜豆市场呈现粕弱油强态势,2013/2/5
黑龙江“两会”热议国产年夜豆,2013/2/4
2月4日国内43％卵白豆粕出厂报价,2013/2/4
市场不雅察看：海浪理论展望豆粕后期或跌至2742元/吨,2013/2/4
首都年夜豆新各种遍半个中国,2013/2/4
2013年年夜豆市场将演绎N型走势,2013/2/4
中国2012/13年度年夜豆进口量料增添至6200万吨,2013/2/4
市场关注：3月呐缦憷年夜豆上市 豆粕价钱或现拐点,2013/2/1
USDA：截止到1月24日当周豆粕出口发卖陈述,2013/2/1
CBOT：1月31日国际豆粕期货价钱收盘上涨,2013/2/1
1月31日国内43％卵白豆粕出厂报价,2013/1/31
CBOT：1月30日国际豆粕期货价钱收盘上涨,2013/1/31
1月30日国内各地域油厂豆粕价钱行情,2013/1/31
机构陈述：巴西年夜豆2013年估量增产25%,2013/1/30
阿根廷今年年夜豆产量料5200万吨,2013/1/30
猪价涨幅趋缓 年夜豆财富酝酿津贴新政,2013/1/30
年夜豆财富新政策出台概率较年夜,2013/1/30
年夜豆进口立异高 财富政策酝酿调整,2013/1/30
CBOT：1月29日国际豆粕期货价钱收盘上涨,2013/1/30
市场关注：根基面动静匮乏 豆粕振荡行情有望延续,2013/1/30
1月29日国内各地域油厂豆粕价钱行情,2013/1/30
CBOT：1月28日国际豆粕期货价钱收盘上涨,2013/1/30
国内市场：节后消费淡季惠临 豆粕上行空间受限,2013/1/30
1月28日国内43％卵白豆粕出厂报价,2013/1/30
USDA：截至1月17日当周美国豆粕出口发卖陈述,2013/1/30
CBOT：1月25日国际豆粕期货价钱收盘上涨,2013/1/30
市场关注：豆粕反弹不具持续性 中期弱势或难改,2013/1/30
CBOT：1月24日国际豆粕期货价钱收盘下跌,2013/1/30
市场关注：后期需求下降较温顺 豆粕宜逢低做多,2013/1/30
1月24日国内各地域油厂豆粕价钱行情,2013/1/30
CBOT：1月23日国际豆粕期货价钱收盘下跌,2013/1/30
市场关注：年夜豆油脂震动上行 豆油走势略强于豆粕,2013/1/30
市场不雅察看：短期豆粕价钱仍坚挺 持续上行量能不足,2013/1/30
江西南昌地域豆粕价钱较上周有所上涨,2013/1/30
1月23日广东部门地域豆粕价钱报价,2013/1/30
1月23日国内43％卵白豆粕出厂报价,2013/1/30
CBOT：1月22日国际豆粕期货价钱收盘上涨,2013/1/30
阿根廷玉米和年夜豆种植区急需降水,2013/1/22
1月22日国内43％卵白豆粕出厂报价,2013/1/22
黑龙江豆粕需求日趋削减 行情稳中趋低,2013/1/22
北年夜荒：金稻翻腾千重浪 年夜豆摇铃偷淅耩,2013/1/19
USDA：截止1月10日当周美豆粕出口发卖陈述,2013/1/18
CBOT：1月17日国际豆粕期货价钱收盘下跌,2013/1/18
市场不雅察看：豆油豆粕比值关系剖析 或存在回归需求,2013/1/18
年夜豆财富政策酝酿调整,2013/1/17
巴西2013年年夜豆作物产量或跨越8100万吨,2013/1/17
2013年我国进口年夜豆需求将进一步增添,2013/1/17
1月17日国内43％卵白豆粕出厂报价,2013/1/17
春节前国内豆粕市场价钱仍将震动上行,2013/1/17
CBOT：1月16日国际豆粕期货价钱收盘上涨,2013/1/17
1月16日国内43％卵白豆粕出厂报价,2013/1/17
中国年夜豆消费重构西半球农业,2013/1/16
2013年呐缦憷年夜豆丰登或将打压全球豆粕价钱,2013/1/16
年夜豆进口量价齐涨 粮食平安面临挑战,2013/1/16
市场关注：供需面较着偏多 豆粕行情反弹可望持续,2013/1/16
1月15日国内各地域豆粕市场价钱行情,2013/1/16
黑龙江年夜豆购销连结活跃 豆粕稳中略低,2013/1/16
CBOT：1月14日国际豆粕期货价钱收盘上涨,2013/1/16
市场不雅察看：海浪理论展望豆粕短期反弹中线或看空,2013/1/16
1月14日国内43％卵白豆粕出厂报价,2013/1/16
CBOT：1月11日国际豆粕期货价钱收盘下跌,2013/1/16
上周江苏豆粕价钱下滑菜粕略涨棉粕持平,2013/1/16
市场关注：USDA陈述出炉 年夜豆豆粕探底回升,2013/1/16
菜粕成交首超豆粕 短期炒作风险激增,2013/1/16
1月11日国内部门地域豆粕市场行情,2013/1/16
1月11日国内各地域油厂豆粕价钱行情,2013/1/16
USDA：截止1月3日当周美国豆粕出口发卖陈述,2013/1/16
CBOT：1月10日国际豆粕期货价钱收盘下跌,2013/1/16
黑龙江年夜豆种子市场苦战正酣,2013/1/10
中国年夜豆需求改变全球农场,2013/1/10
1月10日国内各地域油厂豆粕价钱行情,2013/1/10
CBOT：1月9日国际豆粕期货市场价钱收盘下跌,2013/1/10
市场关注：现货不再坚挺 豆粕市场震动回落可期,2013/1/10
1月9日国内各地域豆粕市场价钱行情,2013/1/9
CBOT：1月8日国际豆粕期货市场价钱收盘上涨,2013/1/9
利空动静频密侵袭 豆粕弱势短期难改,2013/1/9
1月8日国内各地域油厂豆粕价钱行情,2013/1/8
CBOT：1月7日国际豆粕期货市场价钱收盘上涨,2013/1/8
市场不雅察看：豆油豆粕比值或上升 关注买油抛粕套利,2013/1/7
1月7日国内43％卵白豆粕出厂报价,2013/1/7
豆粕遭遇消费淡季 市场走势偏空运行,2013/1/7
市场不雅察看：市场供需渐宽松 豆粕价钱或承压回落,2013/1/7
私人出口商向未知地发卖14万吨美国年夜豆,2013/1/5
1月5日国内各地域油厂豆粕价钱行情,2013/1/5
USDA：截止12月27日当周豆粕出口发卖陈述,2013/1/5
1月4日国内各地域油厂豆粕价钱行情,2013/1/5
巴西托坎廷斯州展望年夜豆将增产,2013/1/4
阿根廷年夜豆播种工作进展整体精采,2012/12/31
12月31日国内各地域油厂豆粕价钱行情,2012/12/31
国内市场：12月31日国内43％卵白豆粕出厂报价,2012/12/31
上周江苏豆粕略有回落 菜粕棉粕平稳,2012/12/31
德国机构预料中国进口年夜豆同比增4.2%,2012/12/28
豆类期货价钱跳水搅动国内年夜豆需求,2012/12/28
市场关注：明年盘面将分化 豆粕或再度冉冉升起,2012/12/27
CBOT：12月26日国际豆粕期货价钱收盘下跌,2012/12/27
12月26日国内各地域油厂豆粕价钱行情,2012/12/26
估量中国明年年夜豆进口增添4.2%,2012/12/26
美国年夜豆协幻突鹦到天兆猪业总部考绩（图）,2012/12/25
2013年乌克兰年夜豆播种面积将增添20-25%,2012/12/25
12月24日国内各地域油厂豆粕价钱行情,2012/12/24
24日部门地域油厂豆粕出厂价报价情形,2012/12/24
江苏豆粕价钱有涨有落 菜粕棉粕平稳,2012/12/24
12月21日国内各地域油厂豆粕价钱行情,2012/12/21
美炒作中国需求 连粕期市受累下挫,2012/12/20
CBOT：12月19日国际豆粕期货价钱收盘下跌,2012/12/20
中国首个非转基因年夜豆食物企业降生,2012/12/19
巴西年夜豆田中发现新虫害“棉蠕虫”,2012/12/19
九三集团研发中心护航年夜豆产物,2012/12/19
国粮局：主产区已累计收购年夜豆92万吨,2012/12/19
市场不雅察看：豆粕反弹阻力增年夜 短期或将振荡走弱,2012/12/19
12月19日国内部门地域油厂豆粕价钱,2012/12/19
CBOT：12月18日国际豆粕期货价钱收盘下跌,2012/12/19
市场关注：需求炒作升温 年夜豆豆粕节前易涨难跌,2012/12/19
12月18日国内各地域油厂豆粕价钱行情,2012/12/19
市场关注：期市再现“红周一” 豆粕“东山回复”,2012/12/18
CBOT：12月17日国际豆粕期货价钱收盘下跌,2012/12/18
陶氏益农公开耐除草剂年夜豆商标Enlist E3,2012/12/17
拜耳开发种子措置剂用以防治年夜豆猝死综合症,2012/12/17
12月17日国内各地域油厂豆粕价钱行情,2012/12/17
上周江苏豆粕小幅上扬 菜粕棉粕平稳,2012/12/17
国内市场：年夜豆压榨企业面临巨损 挺粕意愿强烈,2012/12/17
降雨将有助于巴西年夜豆发芽,2012/12/15
12月14日国内豆粕价钱整体上涨,2012/12/15
12月14日国内各地域油厂豆粕价钱行情,2012/12/15
CBOT：12月13日国际豆粕期货价钱收盘上涨,2012/12/15
市场不雅察看：根基面偏空 豆粕难演“王者归来”之势,2012/12/15
豆粕揭示强势 期货收盘五连阳,2012/12/15
巴西政府仍预期年夜豆产量将创记载,2012/12/11
我国年夜豆产地“豆退苞进”,2012/12/11
11日国内年夜部门地域豆粕价钱上涨,2012/12/11
12月11日国内各地域油厂豆粕价钱行情,2012/12/11
市场不雅察看：黑龙江年夜豆行情高位运行 粕价小幅上涨,2012/12/11
12月10日国内部门地域豆粕市场行情,2012/12/11
12月10日国内各地域油厂豆粕价钱行情,2012/12/11
CBOT：12月7日国际豆粕期货价钱收盘下跌,2012/12/11
12月7日国内各地域油厂豆粕价钱行情,2012/12/8
7日国内年夜部门地域豆粕价钱继续上涨,2012/12/8
市场不雅察看：市场供需依旧偏紧 豆粕有望继续反弹,2012/12/8
CBOT：12月6日国际豆粕期货价钱收盘上涨,2012/12/8
国内市场：菜粕市场短期暂趋稳 上涨态势暂难延续,2012/12/8
12月6日国内年夜部门地域豆粕价钱上涨,2012/12/8
全世界出口的年夜豆超一半运往中国,2012/12/6
市场关注：粕强油弱名目持续 豆粕有望继续反弹,2012/12/6
12月6日国内各地域油厂豆粕价钱行情,2012/12/6
CBOT：12月5日国际豆粕期货价钱收盘上涨,2012/12/6
12月5日国内部门地域豆粕价钱行情,2012/12/6
预期中国2012年年夜豆产量同比下降11.6%,2012/12/5
豆粕强势上涨 豆油棕油套利面临坎坷,2012/12/5
CBOT：12月4日国际豆粕期货价钱收盘上涨,2012/12/5
巴西中部估量呈现降雨 年夜豆播种接近尾声,2012/12/4
黑龙江豆粕多因素交织 持续宽幅振荡,2012/12/4
市场关注：年夜豆豆粕套利可期 价差或将进一步缩小,2012/12/4
CBOT：12月3日国际豆粕期货价钱收盘上涨,2012/12/4
12月3日国内各地域油厂豆粕价钱行情,2012/12/3
CBOT：11月30日国际豆粕期货价钱收盘下跌,2012/12/3
11月30日国内各地域油厂豆粕价钱行情,2012/11/30
CBOT：11月29日国际豆粕期货价钱收盘上涨,2012/11/30
市场不雅察看：美豆易涨难跌 豆粕将演绎季节性上涨,2012/11/30
11月29日国内各地域油厂豆粕价钱行情,2012/11/30
九三集团：挺起中国年夜豆加工业的“脊梁”,2012/11/29
市场不雅察看：受制供给转为宽松 豆粕市场将现震动,2012/11/29
11月28日国内各地域油厂豆粕价钱行情,2012/11/29
安徽年夜豆种植收益增六成,2012/11/28
利好身分提振 豆粕期市积储反弹动力,2012/11/28
CBOT：11月27日国际豆粕期货价钱收盘上涨,2012/11/28
市场不雅察看：量化解读国内豆粕期货市场年夜幅波动行情,2012/11/28
临储收购开启年夜豆市场注入强心剂,2012/11/27
CBOT：11月26日国际豆粕期货价钱收盘上涨,2012/11/27
市场不雅察看：豆粕现货市场行情走强 多单谨严持有,2012/11/26
11月26日国内各地域油厂豆粕价钱行情,2012/11/26
阿根廷年夜豆明年或提高整体播种规模,2012/11/24
国家粮食局：部署玉米和年夜豆姑且收购工作,2012/11/23
商务部上调11月进口年夜豆到港至494万吨,2012/11/23
市场不雅察看：农产物价钱分化 饲料玉米豆粕价钱普跌,2012/11/23
市场关注：豆粕消费传统淡季 短期难有较年夜涨幅,2012/11/23
市场关注：豆类市场维持震动 市场缺乏炒作题材,2012/11/23
国家粮食局部署临储玉米年夜豆收购工作,2012/11/22
黑龙江省启动临储年夜豆、玉米收购政策,2012/11/22
11月22日国内各地域油厂豆粕价钱行情,2012/11/22
市场不雅察看：酬报炒作 豆粕期货价钱上演“过山车”,2012/11/22
巴西年夜豆总产值立异高,2012/11/21
国粮局明晰2012年年夜豆收储价为2.3元/斤,2012/11/21
国内市场：豆粕止跌反弹 菜粕短期或有企稳之势,2012/11/21
市场不雅察看：豆粕市场短期或孕育超跌反弹行情趋向,2012/11/21
CBOT：11月20日国际豆粕期货价钱收盘上涨,2012/11/21
粮食局等部署2012年姑且存储玉米和年夜豆收购工作,2012/11/21
国粮局：今年秋粮收购玉米年夜豆均涨价,2012/11/20
20日年夜连油厂豆粕报价及库存开机状况,2012/11/20
11月20日国内各地域油厂豆粕价钱行情,2012/11/20
市场不雅察看：情感回暖 国内市场呈现粕强豆弱走势,2012/11/20
CBOT：11月19日国际豆粕期货价钱收盘持平,2012/11/20
11月19日国内各地域油厂豆粕价钱行情,2012/11/20
11月16日国内各地域油厂豆粕价钱行情,2012/11/16
市场关注：国内供给充沛 豆粕期价或将延续下行,2012/11/16
11月15日吉林地域豆粕报价继续下调,2012/11/15
市场关注：后期利空身分影响 豆粕期价将延续下行,2012/11/15
11月15日国内各地域油厂豆粕价钱行情,2012/11/15
国产年夜豆种植面积年夜幅萎缩 传国储加价救市,2012/11/15
中国压榨企业加工一吨年夜豆亏500元,2012/11/15
安徽年夜豆市场回暖 农户不美观望囤积居奇,2012/11/15
年夜豆定价权缺失踪 黑龙江油脂压榨企业减产,2012/11/15
私人出口商向中国出口发卖12万吨美国年夜豆,2012/11/15
美国现货年夜豆出口升贴水维持在创记载高位,2012/11/15
年夜豆收储价为4600元 较去年上升15%,2012/11/15
11月14日国内各地域油厂豆粕价钱行情,2012/11/14
国产年夜豆种植能否止跌反弹？,2012/11/14
11月14日吉林部门地域豆粕市场行情,2012/11/14
市场不雅察看：年夜豆供给趋于过剩 豆粕或回归理性价值,2012/11/14
CBOT：11月13日国际豆粕期货价钱收盘上涨,2012/11/14
海关：中国10月进口年夜豆403万吨,2012/11/13
11月13日国内各地域油厂豆粕价钱行情,2012/11/13
11月12日国内各地域油厂豆粕价钱行情,2012/11/12
市场不雅察看：海浪理论展望豆粕指数5浪后或竣事下跌,2012/11/12
上周江苏豆粕菜粕价钱回落 棉粕持平,2012/11/12
美国预期全球年夜豆产量或增添10%,2012/11/12
11月9日国内各地域油厂豆粕价钱行情,2012/11/9
本周进口大豆成本价格及大豆基差,2012/11/9
11月8日国内各地域油厂豆粕价钱行情,2012/11/8
11月7日国内各地域油厂豆粕价钱行情,2012/11/7
豆粕领涨 商品期货市场呈现修复性升势,2012/11/7
市场关注：供给偏紧及需求转淡 豆粕难现趋向行情,2012/11/7
CBOT：11月6日国际豆粕期货价钱收盘上涨,2012/11/7
巴西2012-2013年夜豆播种期推迟,2012/11/6
11月6日吉林地域豆粕市场行情,2012/11/6
11月6日国内各地域油厂豆粕价钱行情,2012/11/6
湖南地域豆粕行情疲软 码头走货不畅,2012/11/6
截至11月4日当周 美国年夜豆收割率为93%,2012/11/6
国内市场：豆粕期价年夜幅反弹 国内棉粕跟年夜企稳,2012/11/6
CBOT：11月5日国际豆粕期货价钱收盘下跌,2012/11/6
5日年夜连油厂豆粕报价及库存开机状况,2012/11/5
11月5日国内各地域油厂豆粕价钱行情,2012/11/5
山东一口岸在美国年夜豆中截获检疫性有害生物,2012/11/2
射洪县套作年夜豆高产建树勾当成效显著,2012/11/2
黑龙江年夜豆今年临储暂未启动,2012/11/2
11月2日广东地域豆粕及菜粕价钱报价,2012/11/2
11月2日国内各地域油厂豆粕价钱行情,2012/11/2
外资被指溢价收购东北年夜豆 或影响国家收储,2012/11/2
市场关注：豆粕市场价钱领涨 国内商品掀起回升潮,2012/11/2
CBOT：11月1日国际豆粕期货价钱收盘上涨,2012/11/2
年夜豆未来国内外走势纷歧,2012/11/1
免耕覆秸播种年夜豆节本高效创高产,2012/11/1
种植夏年夜豆为忠县将农人增收400万元,2012/11/1
广东初度进口加拿年夜非转基因年夜豆,2012/11/1
巴西有望成为全球最年夜的年夜豆出产国,2012/11/1
11月1日国内各地域油厂豆粕价钱行情,2012/11/1
市场关注：资金移仓拉涨豆粕 豆类很难再立异高,2012/11/1
CBOT：10月31日国际豆粕期货价钱收盘上涨,2012/11/1
年夜豆收成根基竣事 冬油菜已播8041万亩,2012/10/31
年夜豆财富之困若何破解？,2012/10/31
10月31日国内各地域油厂豆粕价钱行情,2012/10/31
市场不雅察看：豆类缺乏利多 豆粕玉米套利具有可行性,2012/10/31
10月30日国际豆粕期货价钱收盘上涨,2012/10/31
廊坊市安次区怪异“年夜豆角”(图),2012/10/30
洪水推迟阿根廷年夜豆种植,2012/10/30
黑龙江年夜豆薯类收成根基完毕,2012/10/30
美国年夜豆与玉米收割工作接近完成,2012/10/30
10月30日国内各地域油厂豆粕价钱行情,2012/10/30
10月30日吉林部门地域豆粕市场行情,2012/10/30
市场关注：履历短暂反弹之后 豆粕行情将重归跌势,2012/10/30
10月29日国际豆粕期货价钱收盘下跌,2012/10/30
10月29日国内各地域油厂豆粕价钱行情,2012/10/30
平不美观县年夜豆高产建树项目接管测产验收,2012/10/26
10月26日国内各地域油厂豆粕价钱行情,2012/10/26
CBOT：10月25日国际豆粕期货价钱收盘下跌,2012/10/26
年夜豆进口量达历史峰值 压榨企业不胜成本承担,2012/10/25
我国年夜豆进口将立异高,2012/10/25
10月25日国内各地域油厂豆粕价钱行情,2012/10/25
市场关注：整体供需趋于宽松 豆粕将维持偏弱名目,2012/10/25
CBOT：10月24日国际豆粕期货价钱收盘上涨,2012/10/25
市场关注：呐缦憷增产情理之内 豆类行情或告一段落,2012/10/25
国内市场：美豆出口连结精采状况 为豆粕供给支撑,2012/10/25
10月24日国内各地域油厂豆粕价钱行情,2012/10/25
市场不雅察看：供给压制豆类市场 油粕比价有望回归,2012/10/25
CBOT：10月23日国际豆粕期货价钱收盘上涨,2012/10/25
市场关注：豆粕缺本色性利多支撑 但下行较为有限,2012/10/25
国内市场：黑龙江年夜豆收购价稳中有跌 购销僵持,2012/10/25
CBOT：10月22日国际豆粕期货价钱收盘上涨,2012/10/25
10月22日吉林地域豆粕市场行情,2012/10/25
湖南豆粕行情下滑 养殖户抉择信念恢复迟缓,2012/10/25
青岛磨练检疫局猛进口年夜豆中截获花生矮化病毒,2012/10/22
上周江苏地域豆粕菜粕价钱均有所回落,2012/10/22
市场关注：美豆单产预估回升 豆粕行情反弹有限,2012/10/22
CBOT：10月19日国际豆粕期货价钱收盘上涨,2012/10/22
10月19日国内各地域油厂豆粕价钱行情,2012/10/19
进口将再立异高 中国年夜豆对秃度攀升,2012/10/19
市场不雅察看：海浪理论解读豆粕指数反弹竣事区域,2012/10/19
CBOT：10月18日国际豆粕期货价钱收盘上涨,2012/10/19
年夜豆批发价每吨涨了一千,2012/10/18
乌克兰：甜菜、年夜豆等的收成量,2012/10/18
10月18日国内各地域油厂豆粕价钱行情,2012/10/18
国内市场：棉粕棉油行情持续走低 棉籽收购谨严,2012/10/18
市场关注：年夜豆供给压力暂缓 豆粕价钱积弱难返,2012/10/18
CBOT：10月17日国际豆粕期货价钱收盘上涨,2012/10/18
吉林“年夜豆之父”造福全世界（图）,2012/10/17
我国年夜豆进口料为5700万吨,2012/10/17
进口年夜豆不行一世国产新豆遭遇威胁,2012/10/17
10月16日国际豆粕期货价钱收盘下跌,2012/10/17
多头主力离场 豆粕期货再现焦炙杀跌,2012/10/17
市场关注：多头主力加速离场 豆粕再现焦炙性杀跌,2012/10/16
15日吉林地域豆粕市场行情稳中有跌,2012/10/16
10月15日国内各地域油厂豆粕价钱行情,2012/10/15
东北地域年夜豆玉米收成 玉米减产年夜豆品质降低,2012/10/15
美年夜豆玉米产量38年来初度不及消费量,2012/10/15
巴西估量在2012/13年种植更多的年夜豆、玉米削减,2012/10/15
阿根廷2012/13年度年夜豆、玉米产量有望创记载新高,2012/10/15
美玉米年夜豆供给不足 传导效应加剧通胀,2012/10/15
美国农业部上调年夜豆产量预估9%,2012/10/15
10月12日国际豆粕期货价钱收盘下跌,2012/10/15
油脂快讯：临储年夜豆成交率下滑 江苏菜油总体上涨,2012/10/13
降雨将有利于巴西年夜豆发展,2012/10/13
10月12日国内各地域油厂豆粕价钱行情,2012/10/12
CBOT：10月11日国际豆粕期货价钱收盘上涨,2012/10/12
芝加哥玉米和年夜豆10日收跌 小麦小幅上涨,2012/10/11
10月10日国际豆粕期货价钱收盘下跌,2012/10/11
巴西年夜豆播种历程放缓 因降水稀少,2012/10/10
美国年夜豆单产料增添4.8% 因受益于降雨,2012/10/10
国产年夜豆今年总产量削减 年夜豆价或再度上涨,2012/10/10
东北产区年夜豆产量削减 开秤价或走高（图）,2012/10/10
市场不雅察看：豆粕期货震动回落 面临季节性回调压力,2012/10/10
市场不雅察看：树欲静而风不止 年夜豆豆粕延续震动走势,2012/10/10
10月9日国际豆粕期货价钱收盘下跌,2012/10/10
国内玉米市场仍将走弱 国内年夜豆价或将上涨,2012/10/9
我国年夜豆种植面积因效益偏低持续下滑,2012/10/9
10月9日国内各地域油厂豆粕价钱行情,2012/10/9
国内市场：两节时代黑龙江豆类市场行情及秋收情形,2012/10/9
CBOT：10月8日国际豆粕期货价钱收盘上涨,2012/10/9
国产年夜豆萎缩或将持续,2012/10/8
10月8日国内各地域油厂豆粕价钱行情,2012/10/8
非转基因年夜豆扎根在黑龙江省农垦九三打点局,2012/9/29
美玉米库存较去年降12％，年夜豆库存降21％,2012/9/29
今年黑龙江年夜豆产量及走势评估,2012/9/29
国储年夜豆拍卖成交价钱回落,2012/9/29
市场不雅察看：豆粕价钱高企 猪粮年夜涨须防下跌,2012/9/29
2012年前九个月巴西年夜豆加工小幅下滑,2012/9/28
年夜豆财富再寻出路：境外种植返销,2012/9/28
美国称私人出口商向未知地出售了14万吨年夜豆,2012/9/28
市场不雅察看：海浪理论解读豆粕震动反弹或恢复上涨,2012/9/28
浙江衢州市场上豆粕价钱较前期小幅下跌,2012/9/28
巴西南部年夜豆产量估量低于预期,2012/9/28
年夜豆减产促强势 籼稻继续回落,2012/9/28
9月27日国际豆粕期货价钱收盘下跌,2012/9/28
27日年夜连地域油厂豆粕报价下跌,2012/9/28
27日吉林省内卵白豆粕市场行情,2012/9/28
市场关注：豆粕节前疲软 国庆后豆粕或呈现玄机,2012/9/28
明年2月份之前巴西年夜豆出口将急剧下滑,2012/9/27
全球年夜豆消费将削减300万吨,2012/9/27
国际市场：明年2月份之前巴西年夜豆出口将急剧下滑,2012/9/27
9月27日国内各地域油厂豆粕价钱行情,2012/9/27
9月26日国际豆粕期货价钱收盘下跌,2012/9/27
26日年夜连油厂豆粕报价及库存开机状况,2012/9/27
安徽柳巷年夜豆喜获丰收（图）,2012/9/26
9月26日国内各地域油厂豆粕价钱行情,2012/9/26
国内市场：菜粕行情继续下跌 局部地域暂停报价,2012/9/26
国内市场：国内棉粕价钱继续下跌 新棉陆续上市,2012/9/26
市场关注：利多身分慢慢消退 豆粕面临高位承压,2012/9/26
市场不雅察看：原料成本上涨 饲料企业利润不降反增,2012/9/26
25日年夜连油厂豆粕报价及库存开机状况,2012/9/26
新年夜豆价钱较着高于陈豆价钱 呈高开运行态势,2012/9/25
东北农户俄罗斯垦荒300公顷种年夜豆年赚40万元,2012/9/25
成本至新高 年夜豆进口年夜幅萎缩,2012/9/25
山西省杂交年夜豆手艺实现重年夜打破,2012/9/25
市场不雅察看：经由快速回调 豆粕或将迎来反弹行情,2012/9/25
9月25日国内各地域油厂豆粕价钱行情,2012/9/25
国内市场：国内菜粕行情呈现弱势 价钱继续下跌,2012/9/25
两节前后黑龙江昌年夜豆收成或将周全睁开,2012/9/25
9月24日国际豆粕期货价钱收盘下跌,2012/9/25
9月24日国内各地域油厂豆粕价钱行情,2012/9/25
上周江苏豆粕年夜幅下滑 菜粕棉粕平稳,2012/9/24
市场不雅察看：豆粕价钱冲高回落 行情进入淡季承压,2012/9/24
CBOT：9月21日国际豆粕期货价钱收盘上涨,2012/9/24
9月21日广东深圳地域豆粕价钱报价,2012/9/22
美国玉米年夜豆收割历程加速,2012/9/21
中国国储年夜豆发卖将持续到2013年,2012/9/21
国产年夜豆产量或下降1成 价钱遭爆炒涨三成,2012/9/21
国产年夜豆重获成本优势 黑龙江压榨企业陆续复工,2012/9/21
9月21日国内各地域油厂豆粕价钱行情,2012/9/21
9月20日国际豆粕期货价钱收盘下跌,2012/9/21
9月20日国内各地域油厂豆粕价钱行情,2012/9/20
国内市场：豆粕年夜幅暴挫 国内棉粕价钱继续下探,2012/9/20
市场关注：QE3对豆粕影响或小于化工品和金属,2012/9/20
CBOT：9月19日国际豆粕期货价钱收盘上涨,2012/9/20
19日年夜连油厂豆粕报价及库存开机状况,2012/9/20
年夜豆进口年夜幅萎缩,2012/9/19
9月19日国内各地域油厂豆粕价钱行情,2012/9/19
国内市场：国内菜粕行情根基不变 局部小跌成交清淡,2012/9/19
市场关注：豆粕涨价拉高成本 生猪养殖户称转盈为亏,2012/9/19
国际市场：印度豆粕出口有望缓解亚洲供给严重状况,2012/9/19
市场关注：豆粕断言转势尚早 或有下一轮拉涨行情,2012/9/19
19日黑龙江豆类市场行情及年夜豆收成情形,2012/9/19
9月18日国际豆粕期货价钱收盘下跌,2012/9/19
美豆减产新年度年夜豆供给压力加年夜,2012/9/18
9月18日国内各地域油厂豆粕价钱行情,2012/9/18
市场关注：国内消费淡季惠临 豆粕有望中期调整,2012/9/18
国内市场：近期内国内棉粕市场将以不变运行为主,2012/9/18
上周江苏豆粕小幅上扬菜粕棉粕连结不变,2012/9/17
市场关注：CPI推手“转移”豆粕牛羊肉调控有动议,2012/9/17
国内市场：年夜豆粕被爆炒看中国经济周期和结构问题,2012/9/17
9月14日国际豆粕期货价钱收盘下跌,2012/9/17
14日年夜连油厂豆粕报价及库存开机状况,2012/9/15
美国干旱导致年夜豆储蓄创曩昔40年来新低,2012/9/14
市场关注：豆粕价钱“飙升” 并非期货炒高现货,2012/9/14
9月13日国际豆粕期货价钱收盘下跌,2012/9/14
13日年夜连油厂豆粕报价及库存开机状况,2012/9/14
9月13日国内各地域油厂豆粕价钱行情,2012/9/14
市场关注：豆类调整不改强势 涨势启动已具备前提,2012/9/13
美国农业部：15%的玉米、4%的年夜豆已经完成收成,2012/9/12
中国年夜豆财富种植面积锐减、产能急剧萎缩,2012/9/12
9月12日国内各地域油厂豆粕价钱行情,2012/9/12
国内市场：国内棉粕行情涨势依旧 棉籽默示坚挺,2012/9/12
市场关注：消费进级刺激卵白需求 豆粕暂无替代品,2012/9/12
9月11日际豆粕期货价钱收盘下跌,2012/9/12
市场关注：猪吃的比人吃的贵非异象 豆粕价高已多年,2012/9/12
市场关注：国内豆粕价钱飙升是否油脂企业炒作？,2012/9/11
国内市场：肉蛋价钱水涨船高 发改委高度关注豆粕价,2012/9/11
国际市场：估量豆粕的年夜幅回落呈此刻年尾至明年岁首,2012/9/11
9月10日国际豆粕期货价钱收盘下跌,2012/9/11
市场关注：四时度肉蛋涨价压力加年夜 豆粕价贵过面粉,2012/9/11
10日年夜连油厂豆粕报价及库存开机状况,2012/9/10
9月10日国内各地域油厂豆粕价钱行情,2012/9/10
国际市场：截止8月30日当周美国豆粕出口发卖增添,2012/9/10
上周苏豆粕小幅上扬菜粕棉粕连结平稳,2012/9/10
陈述或继续下调单产 豆粕若有上行机缘,2012/9/10
9月7日国际豆粕期货价钱收盘下跌,2012/9/10
10天三级跳散装年夜豆油节前还得涨,2012/9/8
黑龙江年夜豆受台风影响较年夜 或影响总产,2012/9/7
9月6日国际豆粕期货价钱收盘上涨,2012/9/7
未来年夜豆价钱仍将连结高位名目,2012/9/6
巴西年夜豆出口立异高,2012/9/6
市场关注：近日各年夜食用油企业纷纷亮相“不涨价”,2012/9/6
9月6日国内各地域油厂豆粕最新报价,2012/9/6
9月6日国内各地域油厂豆粕价钱行情,2012/9/6
市场关注：饲料业景气回落 无碍龙头企业高增添,2012/9/6
国际市场：上半年国内豆粕期货生意量全球“夺魁”,2012/9/6
9月5日国际豆粕期货价钱收盘下跌,2012/9/6
年夜豆压榨总量接近118万吨,2012/9/5
年夜豆：暴涨之后或遇雪崩式下跌,2012/9/5
年夜豆减产牵一发而动全身 饲料养殖企业发芽拜访,2012/9/5
青海瞿昙镇千亩年夜豆喜获丰收,2012/9/5
9月5日国内各地域油厂豆粕最新报价,2012/9/5
未来数月我国年夜豆进口量将较着下降,2012/9/5
谷神生物：年夜豆卵白获美国平安认证（图）,2012/9/5
年夜豆价钱飙升或因炒作,2012/9/5
财富不雅察看：豆粕持续上涨 或将重创中国年夜豆财富链,2012/9/5
基金持仓居高不下 豆粕若有上行空间,2012/9/5
CBOT：9月4日国际豆粕期货价钱收盘上涨,2012/9/5
9月4日国内各地域油厂豆粕最新报价,2012/9/4
湖南豆粕行情高位 估量后期市场需求好转,2012/9/4
国际市场领涨 豆粕期货9月或再冲高,2012/9/4
市场关注：现货挺价较着 豆粕上涨“义正词严”,2012/9/4
国际市场：巴西库存偏低 8月份年夜豆出口轨范放慢,2012/9/4
9月3日国内各地域油厂豆粕最新报价,2012/9/3
手艺剖析：海浪理论剖析豆粕1305合约 未涨到位,2012/9/3
9月3日国内各地域油厂豆粕价钱行情,2012/9/3
上周江苏豆粕菜粕上涨 棉粕价钱持平,2012/9/3
市场关注：期货跟张现货 解析豆粕涨价路线图,2012/9/3
CBOT：8月31日国际豆粕期货价钱收盘下跌,2012/9/3
8月31日国内各地域油厂豆粕最新报价,2012/8/31
年夜豆上行行情尚未完结 中国将削减进口,2012/8/31
8月31日国内各地域油厂豆粕价钱行情,2012/8/31
31日湖南地域豆粕市场行情最新报价,2012/8/31
市场关注：三年夜期货公司回应豆粕炒作 纯客户行为,2012/8/31
中国年夜豆压榨产能1.25亿吨 产能过剩严重,2012/8/30
棉花种植收益削减 美国棉农改种玉米和年夜豆,2012/8/30
上半年年夜豆进口量价齐升 对秃过高,2012/8/30
8月30日国内各地域油厂豆粕最新报价,2012/8/30
8月30日国内各地域油厂豆粕价钱行情,2012/8/30
CBOT：8月29日国际豆粕期货价钱收盘上涨,2012/8/30
8月29日吉林地域豆粕市场购销动态,2012/8/30
8月29日国内各地域油厂豆粕最新报价,2012/8/30
油世界：年夜豆价钱涨势尚未完结,2012/8/29
黑龙江年夜豆产区局部现旱象 形势更敏感,2012/8/29
年夜豆价钱高位攀升,2012/8/29
八月份年夜豆进口可能达到530万吨,2012/8/29
市场关注：豆粕价钱上涨 警语饲料疯涨拉高CPI,2012/8/29
美豆减产炒作或竣事 豆粕9月将调整,2012/8/29
财富不雅察看：豆粕持续上涨 东凌粮油上半年成功扭亏,2012/8/29
CBOT：8月28日国际豆粕期货价钱收盘上涨,2012/8/29
8月28日国内各地域油厂豆粕最新报价,2012/8/29
8月28日国内各地域油厂豆粕价钱行情,2012/8/28
棉粕周评：豆粕行情年夜幅上涨 棉粕行情扩年夜上行,2012/8/28
市场关注：豆粕期价立异高 高价或晦气未来消费,2012/8/28
CBOT：8月27日国际豆粕期货价钱收盘下跌,2012/8/28
市场关注：豆粕豆油是同根生 何如际遇却两分歧,2012/8/28
市场不雅察看：豆粕高处已生寒衣 豆油后市或将挑头,2012/8/28
厄尔尼诺现象有助巴西年夜豆增产,2012/8/27
年夜豆“抽泣” 中国粮食结构性风险凸显,2012/8/27
巴西和阿根廷增添年夜豆进口,2012/8/27
8月27日国内各地域油厂豆粕最新报价,2012/8/27
8月27日国内各地域油厂豆粕价钱行情,2012/8/27
利好继续发力 国内豆粕或将延续强势,2012/8/27
市场不雅察看：豆粕豆尤缤有异 油脂考验调控聪明,2012/8/27
上周江苏豆粕价钱上扬 菜粕棉粕维稳,2012/8/27
年夜豆供给压力闪现 留心豆粕季节性回调,2012/8/27
市场关注：豆粕领涨农产物 饲料成本激增养殖业叫苦,2012/8/27
CBOT：8月24日国际豆粕期货价钱收盘上涨,2012/8/27
国际年夜豆价钱剑指何方,2012/8/25
8月24日国内各地域油厂豆粕最新报价,2012/8/25
8月24日国内各地域油厂豆粕价钱行情,2012/8/25
巴西成为中国最年夜的年夜豆出口国,2012/8/24
市场关注：养殖业普遍吃亏 豆粕上涨基本呈现松动,2012/8/24
USDA：截止8月16日当周豆粕出口发卖陈述,2012/8/24
年夜豆进口量将下滑(图),2012/8/23
年夜豆价钱创历史新高,2012/8/23
四川甘洛县境界边际年夜豆种植喜获成功,2012/8/23
国内市场：豆粕价钱已迫近历史高位 豆油涨幅加速,2012/8/23
国际市场：年夜豆供给形势严重 豆价刷新历史记载,2012/8/23
国内市场：豆粕玉米涨价 养殖户养头猪倒贴200元,2012/8/23
CBOT：8月22日国际豆粕期货价钱收盘上涨,2012/8/23
市场关注：短期市场需求兴旺 豆粕迈向历史高点,2012/8/22
豆粕再度年夜涨 需警语根基面支撑削弱,2012/8/22
CBOT：8月21日国际豆粕期货价钱收盘上涨,2012/8/22
8月21日广东口岸地域豆粕现货报价,2012/8/22
8月21日国内各地域油厂豆粕价钱行情,2012/8/22
国内市场：棉副产物购销收尾不变 棉籽库存量少少,2012/8/22
年夜豆或上演跨年度上涨行情,2012/8/21
今年中国年夜豆进口量将跨越5800万吨,2012/8/21
孟山都公司的Intacta年夜豆获阿根廷核准注册,2012/8/21
年夜豆市场或面临供求失踪衡隐患,2012/8/21
食用油掀涨价潮 专家称年夜豆丰收涨价是厂商炒作,2012/8/21
湖南豆粕行情高位运行 码头走货不畅,2012/8/21
CBOT：8月20日国际豆粕期货价钱收盘上涨,2012/8/21
8月20日部门各地域油厂豆粕最新报价,2012/8/21
浙江省衢州市场年夜豆及豆粕价钱周报价,2012/8/21
本周江西省南昌地域豆粕价钱略有下跌,2012/8/21
年夜豆供给严重 亚洲粮价可能上涨,2012/8/17
安徽淮北169万亩年夜豆玉米“上保险”,2012/8/17
转基因冲击下国产年夜豆的救赎之路在哪里,2012/8/17
粮价暗涌：年夜豆或成祸首祸首,2012/8/17
巴西和阿根廷年夜豆播种面积将会提高,2012/8/17
新年度中国年夜豆进口数据下调,2012/8/17
全球：小麦及年夜豆产量展望下调,2012/8/17
年夜豆杀虫剂Justice在美国取得挂号,2012/8/17
决不能让玉米成为“第二个年夜豆”,2012/8/17
系好“平安带”提防年夜豆价钱波动风险,2012/8/17
国际市场：美国中西部天色好转 有助于豆类震动回调,2012/8/17
CBOT：8月16日国际豆粕期货价钱收盘下跌,2012/8/17
热点关注：国内农产物期货各品种走势将继续分化,2012/8/17
USDA：截止8月9日美国当周豆粕出口发卖陈述,2012/8/17
8月16日国内各地域油厂豆粕价钱上涨,2012/8/17
8月16日国内各地域油厂豆粕行情报价,2012/8/17
8月15日国际豆粕期货价钱收盘上涨,2012/8/17
8月15日国内各地域油厂豆粕最新报价,2012/8/17
国际市场：阿根廷本周核准使用新转基因年夜豆种子,2012/8/17
8月15日国内各地域油厂豆粕价钱行情,2012/8/17
国际市场：14日美豆产区天色改善 豆类延续震动,2012/8/17
CBOT：8月14日国际豆粕期货价钱收盘上涨,2012/8/17
8月14日各地域油厂豆粕最新报价,2012/8/17
8月14日国内各地域年夜豆油价钱行情,2012/8/17
收储启动肉价弱反弹 豆粕价挺博弈加剧,2012/8/17
国际市场：美农业部陈述利多豆油 粕强油弱或被逆转,2012/8/17
8月13日国际豆粕期货价钱收盘下跌,2012/8/17
7月我国年夜豆进口587万吨 同比增添9.72%,2012/8/13
猪肉走势恐现“U”形 年夜豆最值得关注,2012/8/13
豆粕期货疯涨暗藏推高CPI突变玄机,2012/8/13
市场不雅察看：豆粕期市多头减仓 恼疾走最后博弈,2012/8/13
8月13日国内各地域油厂豆粕最新报价,2012/8/13
上周江苏省豆粕回落菜粕平稳棉粕略涨,2012/8/13
美国“世纪年夜旱”九成玉米年夜豆减产,2012/8/10
8月10日国内各地域油厂豆粕最新报价,2012/8/10
呐缦憷首要年夜豆出产国库存下滑约三分之一,2012/8/10
国内市场：市场膳缦戕副较稀少 棉油棉粕行情不变,2012/8/10
新年夜豆杀虫剂Justice在美国注册挂号,2012/8/10
美国90%以上玉米和年夜豆受到菏ё僦影响,2012/8/10
美国年夜豆将减产5% 国内食用油暂不涨价,2012/8/10
8月9日国内各地域油厂豆粕最新报价,2012/8/9
国储下周投放年夜豆 炒作或近尾声,2012/8/9
专家提醒实时防治年夜豆中后期病虫害,2012/8/9
8月8日国内各地域油厂豆粕最新报价,2012/8/8
市场评论：用海浪理论判定豆粕1305合约将走弱,2012/8/7
上周豆粕总体坚挺 菜粕行情继续上涨,2012/8/7
美国年夜豆作物遭多种椿象侵蚀,2012/8/7
40万吨国家姑且存储东北年夜豆全数成交,2012/8/7
市场关注：市场不合加年夜 “买油抛粕”面临不确定,2012/8/7
湖南豆粕行情高位运行 市场情感谨严,2012/8/7
8月6日国际豆粕期货价钱收盘下跌,2012/8/7
8月6日国内各地域油厂豆粕最新报价,2012/8/6
8月6日吉林长春地域豆粕市场行情,2012/8/6
8月3日国际豆粕期货价钱收盘上涨,2012/8/6
期盘手艺性回调 豆粕持久涨势仍不改,2012/8/6
豆粕迫近历史新高 后期走势变数增年夜,2012/8/3
市场关注：豆类持续上涨将加剧生猪养殖行业吃亏,2012/8/3
年夜豆强势有望延续 跨年度行情隐约若现,2012/8/3
中国将重启国储年夜豆拍卖,2012/8/3
北京：卖年夜豆的美国人来了,2012/8/2
8月2日国内各地域油厂豆粕最新报价,2012/8/2
7月31日福建各油厂年夜豆豆粕库存及开机情形,2012/8/2
期市走势动荡加剧 粕强油弱名目延续,2012/8/2
期货市场：关于调整豆粕最低保证金和涨跌停板通知,2012/8/2
市场监测：7月下旬国内饲料平均价钱同比上涨,2012/8/2
8月1日国际豆粕期货价钱收盘下跌,2012/8/2
年夜雨缓解美国玉米、年夜豆作物灾情有限,2012/8/1
品种聚焦：天色驱动 年夜豆或再立异高,2012/8/1
1日年夜连油厂豆粕报价及库存开机状况,2012/8/1
CBOT：7月31日国际豆粕期货价钱收盘上涨,2012/8/1
31日年夜连油厂豆粕报价及库存开机状况,2012/7/31
7月31日国内各地域油厂豆粕最新报价,2012/7/31
中国年夜豆进口依存度80% 干旱推升国内豆价,2012/7/31
天色驱动 年夜豆或再立异高,2012/7/31
CBOT：7月30日国际豆粕期货价钱收盘上涨,2012/7/31
7月30日国内各地域油厂豆粕最新报价,2012/7/30
30日年夜连油厂豆粕报价及库存开机状况,2012/7/30
上周江苏地域豆粕下跌菜粕价连结平稳,2012/7/30
国际粮价若持续涨 韩国将铲除小麦和年夜豆关税,2012/7/28
7月27日国内各地域油厂豆粕最新报价,2012/7/27
韩国或将铲除小麦和年夜豆关税,2012/7/27
油世界：年夜豆价钱飙升将会放慢需求,2012/7/26
7月25日国内各地域油厂豆粕最新报价,2012/7/25
年夜豆的疯狂行情刚起头？,2012/7/25
期市剖析：天色炒作仍未竣事 豆粕上涨趋向不改,2012/7/25
7月24日国内各地域油厂豆粕最新报价,2012/7/24
7月19日国家姑且存储移库年夜豆生意结不美观,2012/7/23
美豆连立异高 国产年夜豆走势紧俏,2012/7/23
粳稻后市仍可看好 年夜豆季节性上涨将持续,2012/7/20
市场关注：年夜豆产区干旱难有改不美观 豆粕涨势难改,2012/7/19
7月18日国际豆粕期货价钱收盘上涨,2012/7/19
热点关注：永安与万达期货敦促豆粕上演巅峰对决,2012/7/19
天色炒作仍是主线 豆粕旱情难言竣事,2012/7/19
7月18日国内各地域油厂豆粕最新报价,2012/7/19
7月18日江西南昌地域豆粕价钱报价,2012/7/18
7月17日国际豆粕期货价钱收盘上涨,2012/7/18
热点关注：豆粕市场多空年夜战 期平易近思疑农户操控,2012/7/18
7月17日广东部门地域豆粕价钱报价,2012/7/18
7月17日国内各地域油厂豆粕最新报价,2012/7/18
市场关注：豆粕全线涨停 中粮系席位近月年夜举增仓,2012/7/17
7月16日国际豆粕期货价钱收盘上涨,2012/7/17
黑龙江持续高温少雨天色影响年夜豆发展,2012/7/16
年夜豆粕需求看年夜豆加工,2012/7/16
上周江苏豆粕价钱小幅上扬 菜粕平稳,2012/7/16
7月13日吉林长春地域豆粕价钱平稳,2012/7/13
国际市场：未来数月国际年夜豆、豆粕供给将持续偏紧,2012/7/12
7月12日国内各地域油厂豆粕最新报价,2012/7/12
区域行情：7月9日吉林地域年夜豆及豆粕市场行情,2012/7/12
7月11日国际豆粕期货价钱收盘下跌,2012/7/12
市场关注：豆粕遭遇爆炒立异高 养殖企业苦不胜言,2012/7/12
热点关注：豆粕市场多空博弈 成交量刷新历史记载,2012/7/12
市场关注：养殖业需求刚性增添 豆粕或受益最年夜,2012/7/11
陈述前市场现调整 油粕价钱走势显分化,2012/7/11
7月10日国际豆粕期货价钱收盘下跌,2012/7/11
7月10日国内各地域油厂豆粕最新报价,2012/7/11
手艺剖析：用海浪理论剖析未来豆粕期货市场走势,2012/7/11
黑龙江80%油狡计工 国产年夜豆面临死活死活关头,2012/7/10
7月9日国内各地域油厂豆粕最新报价,2012/7/9
上周江苏豆粕、菜粕、棉粕类价钱上扬,2012/7/9
7月6日国内各地域油厂豆粕最新报价,2012/7/6
6-8月间年夜豆价钱重心有望进一步上移,2012/7/5
受种植收益影响 黑龙江年夜豆种植面积持续削减,2012/7/5
东北年夜豆种植面积削减成定局,2012/7/5
7月5日国内各地域油厂豆粕最新报价,2012/7/5
2012年7月4日豆粕年夜豆早盘剖析摘要,2012/7/4
7月4日国内各地域油厂豆粕最新报价,2012/7/4
麦茬地免耕播种年夜豆新手艺将推广应用,2012/7/4
7月3日国际豆粕期货价钱收盘上涨,2012/7/4
市场关注：市场资金青睐豆粕品种 持仓迭立异高,2012/7/4
新一轮涨势或启动 豆粕将引领豆类市场,2012/7/4
市场关注：资金面根基面示好 油厂力挺豆粕价钱,2012/7/4
7月3日国内各地域油厂豆粕最新报价,2012/7/3
7月3日吉林四平地域豆粕价钱上涨,2012/7/3
7月3日河北秦皇岛地域豆粕价钱下跌,2012/7/3
市场剖析：极端天色炒热年夜豆 豆粕领涨期货市场,2012/7/2
2日年夜连油厂豆粕报价及库存开机状况,2012/7/2
7月2日国内各地域油厂豆粕最新报价,2012/7/2
今朝浙江衢州市场年夜豆及豆粕价钱报价,2012/7/2
市场购销情形好转 国内菜粕稳中有涨,2012/7/2
市场成友谊形好转 国内棉粕稳中有涨,2012/7/2
7月2日吉林四平地域豆粕市场行情,2012/7/2
6月29日国内各地域油厂豆粕最新报价,2012/6/29
6月28日国内各地域油厂豆粕最新报价,2012/6/28
油世界：国际豆粕价钱未来数月或仍将持续走强,2012/6/28
受美国天色影响 国内棉粕有望维持上涨,2012/6/28
期市剖析：豆类下半年箱体震动 品种间分化加剧,2012/6/28
27日国际豆粕期货价钱收盘涨跌互现,2012/6/28
27日年夜连油厂豆粕报价及库存开机状况,2012/6/27
6月27日国内各地域油厂豆粕最新报价,2012/6/27
6月25日芝加哥11月年夜豆涨3.64%,2012/6/26
铁路运输万吨东北优质年夜豆抵港平仓,2012/6/26
湖南豆粕行情略涨 经销商不美观望情感浓密,2012/6/26
油厂挺价对豆粕形成支撑 后市趋涨较着,2012/6/26
6月25日国际豆粕期货价钱收盘上涨,2012/6/26
极端天色炒热年夜豆 豆粕领涨期货市场,2012/6/26
6月25日国内部门地域豆粕市场行情,2012/6/25
6月25日国内各地域油厂豆粕最新报价,2012/6/25
因呈现新旧货源交替断档 菜粕价钱上涨,2012/6/25
上周江苏豆粕菜粕价钱上扬 棉粕维稳,2012/6/25
孟山都公司或失踪去转基因年夜豆特许使用费,2012/6/24
呐缦憷年夜豆播种面积估量增添,2012/6/23
6月21日国内各地域油厂豆粕最新报价,2012/6/23
6月20日国内部门地域豆粕市场行情,2012/6/23
20日国际豆粕期货价钱收盘涨跌互现,2012/6/23
美国年夜豆库存料下降 因出口需求健旺,2012/6/20
乌克兰：2012-2013年度年夜豆产量增添,2012/6/20
中国年夜豆进口需求健旺增添,2012/6/20
呐缦憷年夜豆播种面积将会创下历史新高,2012/6/20
6月20日渭南合阳豆类最新市场行情,2012/6/20
商业商估量未来年夜豆价钱可能会上涨,2012/6/19
6月19日渭南合阳豆类最新市场行情,2012/6/19
6月19日国内部门地域豆粕市场行情,2012/6/19
6月18日国际豆粕期货价钱收盘上涨,2012/6/19
6月18日国内各地域油厂豆粕最新报价,2012/6/18
豆粕继续高位清算 成最抗跌年夜宗商品,2012/6/15
6月14日国际豆粕期货价钱收盘下跌,2012/6/15
国内年夜豆继续深跌的可能性已经不年夜,2012/6/14
6月14日辽宁地域豆粕价钱平稳,2012/6/14
6月14日华北地域油厂豆粕成交清淡,2012/6/14
6月14日吉林地域豆粕价钱平稳,2012/6/14
成本及豆油疲软支撑 豆粕有望继续走高,2012/6/14
宏不美观利空转淡 豆粕7月份或风云回复,2012/6/14
国际市场：油世界称全球豆粕产量料呈现健旺增添,2012/6/14
6月13日国际豆粕期货价钱收盘下跌,2012/6/14
中国年夜豆进口量有望增至5750万吨,2012/6/13
6月13日广东部门地域豆粕价钱报价,2012/6/13
6月13日国内各地域油厂豆粕最新报价,2012/6/13
6月13日辽宁地域油厂豆粕成交清淡,2012/6/13
6月13日华北地域豆粕成交偏淡,2012/6/13
6月13日吉林部门地域豆粕价钱平稳,2012/6/13
6月12日国际豆粕期货价钱收盘上涨,2012/6/13
6月12日广东地域豆粕现货价钱报价,2012/6/12
6月12日国内各地域油厂豆粕最新报价,2012/6/12
湖南豆粕行情上涨 养殖成本有所增添,2012/6/12
国内菜粕价钱连结不变 市场生意偏僻,2012/6/12
国内棉粕行情延续平稳 成交依旧清淡,2012/6/12
12日国内部门地域养殖户豆粕采购价钱,2012/6/12
6月11日国际豆粕期货价钱收盘下跌,2012/6/12
中国6月份年夜豆进口量约为600万吨,2012/6/11
美国年夜豆种植者代表介入中国粮食与食物平安谈判,2012/6/11
2012年年夜豆市场行情趋向瞻望剖析,2012/6/11
6月11日辽宁地域豆粕市场成交清淡,2012/6/11
6月11日国内各地域油厂豆粕最新报价,2012/6/11
6月11日华北地域豆粕市场成交清淡,2012/6/11
6月11日吉林地域豆粕市场价钱平稳,2012/6/11
上周江苏豆粕价钱上扬 菜粕棉粕平稳,2012/6/11
6月8日国际豆粕期货价钱收盘上涨,2012/6/11
6月8日国内各地域油厂豆粕最新报价,2012/6/11
6月7日国际豆粕期货价钱收盘上涨,2012/6/11
6月7日国内各地域油厂豆粕最新报价,2012/6/7
6月6日国际豆粕期货价钱收盘上涨,2012/6/7
6月6日广东省深圳地域豆粕价钱报价,2012/6/7
6月6日辽宁地域豆粕市场购销动态,2012/6/7
6月6日吉林地域豆粕市场购销动态,2012/6/7
6日年夜连油厂豆粕报价及库存开机状况,2012/6/7
6月6日国内各地域油厂豆粕最新报价,2012/6/7
根基面依旧偏多 豆粕或成率先企稳品种,2012/6/6
6月5日国际豆粕期货价钱收盘上涨,2012/6/6
减产预期强麦强势反弹 豆粕跟年夜走高,2012/6/6
6月5日国内各地域油厂豆粕最新报价,2012/6/6
豆粕行情弱势震动 菜粕价钱年夜都企稳,2012/6/6
6月5日广东省深圳地域豆粕价钱报价,2012/6/5
6月4日国际豆粕期货价钱收盘上涨,2012/6/5
全球宏不美观经济疲软 豆粕继续弱势振荡,2012/6/5
6月4日国内各地域油厂豆粕最新报价,2012/6/4
6月4日吉林地域豆粕价钱稳中略降,2012/6/4
6月4日辽宁地域豆粕市场成交清淡,2012/6/4
6月4日华北地域豆粕市场成交清淡,2012/6/4
黑龙江豆粕小幅波动上涨的可能依然存在,2012/6/4
6月1日华北地域豆粕购销清淡,2012/6/1
6月1日吉林地域豆粕价钱不变,2012/6/1
6月1日广东深圳地域南天豆粕价钱报价,2012/6/1
6月1日国内各地域油厂豆粕最新报价,2012/6/1
阿根廷年夜豆和玉米或将不才一年度迎来丰收,2012/6/1
阿根廷现货年夜豆价钱跌至两个月低位,2012/6/1
全国转基因年夜豆新品种展嗜酸将开,2012/6/1
市场趋于谨严 年夜豆成交率和均价双下降,2012/6/1
2012/2013农业年度乌克兰年夜豆产量增至260万吨,2012/6/1
29日黑龙江西南部地域年夜豆市场行情动态,2012/6/1
5月31日国际豆粕期货价钱收盘下跌,2012/6/1
初现黄金交叉 豆粕上行通道或将开启,2012/5/30
5月30日国内各地域油厂豆粕最新报价,2012/5/30
5月30日华北地域豆粕价钱微涨,2012/5/30
5月30日吉林地域豆粕价钱稳中小涨,2012/5/30
年夜豆震动回升 渐趋企稳,2012/5/30
截至5月24日当周美国年夜豆出口磨练量为1241.4万蒲式耳,2012/5/30
截至5月27日当周 美国年夜豆种植率为89%,2012/5/30
国家临储年夜豆成交价年夜降 成交好转,2012/5/30
5月份我国年夜豆进口估量创记实,2012/5/29
芝加哥小麦和年夜豆期货价钱上涨,2012/5/29
5月28日江西南昌豆粕及麸皮价钱报价,2012/5/28
28日年夜连油厂豆粕报价及库存开机状况,2012/5/28
5月28日国内各地域油厂豆粕最新报价,2012/5/28
受豆粕下跌影响 国内棉粕走势稳中偏弱,2012/5/28
国内年夜豆价钱弱势不改口岸可能继续调低豆价,2012/5/28
基金平仓冲击豆类 油脂跟年夜年夜豆走势,2012/5/28
黑龙江年夜豆压榨低迷 国储拍卖活跃市场,2012/5/28
黑龙江年夜豆面积削减成定局 支撑价钱上涨,2012/5/28
阿根廷现货年夜豆价钱下滑跟年夜CBOT年夜豆期货跌势,2012/5/28
龙江豆粕市场行情一周综述（5.20-5.27）,2012/5/28
5月25日国内各地域油厂豆粕最新报价,2012/5/26
限产和停产支撑粕价 买粕抛油正当时,2012/5/25
芝加哥小麦年夜豆期价继续下探,2012/5/24
山西省小麦年夜豆价钱持续低迷,2012/5/24
阿根廷现货年夜豆价钱下滑,2012/5/24
中国年夜豆压榨吃亏 进口商打消订单,2012/5/24
美湾年夜豆出口升水持坚因农户发卖迟缓,2012/5/24
5月24日国家临储年夜豆成交状况较好,2012/5/24
年夜豆财富困境冲击化肥市场,2012/5/24
东凌粮油：进口年夜豆压榨利润起头下降,2012/5/24
5月23日国际豆粕期货价钱收盘涨跌互现,2012/5/24
美豆种植进度精采 年夜豆震动收星,2012/5/23
近月年夜豆期货急跌逾2%触及一周低位,2012/5/23
美国2012年4-8月年夜豆出口量料同比增添330万吨至900万吨,2012/5/23
阿根廷2012年年夜豆产量或将降至4000万吨,2012/5/23
阿根廷现货年夜豆价钱下滑受CBOT年夜豆跌势拖累,2012/5/23
美湾玉米、年夜豆及小麦出口升水疲软因需求低迷,2012/5/23
美年夜豆基差稳中下跌阿根廷年夜豆现货价上涨,2012/5/23
黑龙江年夜豆播种面积削减至近4000万亩,2012/5/23
23日年夜连油厂豆粕报价及库存开机状况,2012/5/23
5月23日国内各地域油厂豆粕最新报价,2012/5/23
5月22日国际豆粕期货价钱收盘下跌,2012/5/23
5月22日国内各地域油厂豆粕最新报价,2012/5/23
年夜豆价钱涨跌互现 5月豆价或整体偏弱,2012/5/22
利多已被提前消化 年夜豆空头行情延续,2012/5/22
22日吉林省及其周边油粕市场行情,2012/5/22
年夜豆困境影响专用肥发卖,2012/5/22
阿根廷年夜豆价钱小幅下滑农户惜售期待价钱上涨,2012/5/21
21日年夜连油厂豆粕报价及库存开机状况,2012/5/21
5月21日国内各地域油厂豆粕最新报价,2012/5/21
5月21日吉林地域豆油及豆粕市场行情,2012/5/21
黑龙江养殖业恢复 豆粕市场销量增添,2012/5/21
上周江苏豆粕总体下跌 菜粕价钱平稳,2012/5/21
5月18日国际豆粕期货价钱收盘下跌,2012/5/21
市场关注：国内口岸豆粕库存已降低致近几年低位,2012/5/21
万达期货：全球经济前景不明 年夜豆走势动荡,2012/5/21
年夜豆早报:窄幅震动连豆跌势趋缓,2012/5/21
CBOT年夜豆近月合约跌逾2%,2012/5/21
美国：健旺出口需求推高CBOT年夜豆期货,2012/5/21
Intacta年夜豆挂号抉择提交欧盟仲裁委员会,2012/5/21
18日年夜连油厂豆粕报价及库存开机状况,2012/5/18
5月18日国内各地域油厂豆粕最新报价,2012/5/18
我国年夜豆临储收购跨越350万吨,2012/5/18
5月17日国际豆粕期货价钱收盘上涨,2012/5/18
阿根廷现货年夜豆价钱反弹因CBOT市场上涨,2012/5/17
一波又一波豫皖年夜豆再现“弹跳”,2012/5/17
南华期货：年夜豆不合加剧 下行依旧,2012/5/17
广西口岸年夜豆进口呈上升趋向,2012/5/17
5月16日芝加哥年夜豆7月合约涨0.64%,2012/5/17
中国年夜豆进口依存度将进一步提高到81.9%,2012/5/17
广西钦州磨练检疫局在进口年夜豆中截获活有害生物,2012/5/17
5月17日国内各地域油厂豆粕最新报价,2012/5/17
5月16日国际豆粕期货价钱收盘上涨,2012/5/17
华闻期货日评:年夜豆玉米年夜幅下跌,2012/5/16
下流需求低迷 年夜豆将继续下探,2012/5/16
追随年夜豆升势 美玉米继续收高,2012/5/16
油世界:年夜豆价钱料获得精采支撑因供给紧俏,2012/5/16
80万吨年夜豆卵白饲料加工项目江苏阜宁开建,2012/5/16
广西磨练检疫部门猛进口年夜豆中截获多种活虫,2012/5/16
国产年夜豆的突围之路,2012/5/16
非转基因年夜豆或迎来“春天”,2012/5/16
转基因食物将受政策限制 非转基因年夜豆有望更生,2012/5/16
非转基因年夜豆或将竣事严冬迎来机缘,2012/5/16
国产年夜豆或成历史 政策扶持迫在眉睫,2012/5/16
农业嫁接成本或成年夜豆财富危机新出路,2012/5/16
中国年夜豆的命运,2012/5/16
年夜豆之殇：“洋豆”撵走中国良豆,2012/5/16
中国年夜豆遭遇“转基因”灾难,2012/5/16
黑龙江中小油企8成停产 国产年夜豆败给转基因,2012/5/16
商业团年夜美带回66.8亿美元年夜豆 国产豆被挤压,2012/5/16
年夜豆日报：外围市场利空 美豆期价7日走低,2012/5/16
安徽淮南开国家级野生年夜豆呵护项目 获农业部批复,2012/5/16
印度：曩昔四月老迈豆期货价钱激增41.63%,2012/5/16
油世界下调今年阿根廷年夜豆产量预估至4100万吨,2012/5/16
油世界：年夜豆作物产出削减限制全球豆粕出口供给,2012/5/16
全国年夜豆收购价钱小幅上涨,2012/5/16
巴西年夜豆产量再遭机构下调,2012/5/16
[中国年夜豆]临储年夜豆成交率继续攀升 拍卖均价略降,2012/5/16
原油价钱高位震动年夜豆玉米价钱走高,2012/5/16
国产年夜豆日就衰败,2012/5/16
黑龙江抓农时日夜抢播年夜豆,2012/5/16
养殖规模未现年夜幅下滑 豆粕追空需谨严,2012/5/16
5月15日国际豆粕期货价钱收盘上涨,2012/5/16
龙江豆粕市场行情一周综述（5.7-5.13）,2012/5/15
市场关注：多头离场豆粕跌停 国内库存仍然偏紧,2012/5/15
5月14日国际豆粕期货价钱收盘下跌,2012/5/15
5月10日国际豆粕期货价钱收盘上涨,2012/5/11
5月10日国内部门地域豆粕市场行情,2012/5/10
5月9日国际豆粕期货价钱收盘下跌,2012/5/10
5月9日广东省深圳地域豆粕价钱报价,2012/5/10
5月9日湖北武汉地域豆粕价钱略有下跌,2012/5/10
9日年夜连油厂豆粕报价及库存开机状况,2012/5/10
5月9日江西南昌地域豆粕及麸皮报价,2012/5/10
5月9日国内各地域油厂豆粕最新报价,2012/5/10
油世界：年夜豆产出削减将限制全球豆粕出口量攀升,2012/5/10
年夜豆种植面积或上调 豆粕陷入盘整名目,2012/5/10
市场关注：5月国内年夜豆、豆油和豆粕平衡表发布,2012/5/10
5月8日国际豆粕期货价钱收盘下跌,2012/5/10
8日年夜连油厂豆粕报价及库存开机状况,2012/5/10
5月8日国内各地域油厂豆粕最新报价,2012/5/10
湖南地域生猪价钱略涨 豆粕需求转好,2012/5/10
5月7日国际豆粕期货价钱收盘下跌,2012/5/10
7日年夜连油厂豆粕报价及库存开机状况,2012/5/10
5月7日国内各地域油厂豆粕最新报价,2012/5/10
龙江豆粕市场行情一周综述（4.29-5.7）,2012/5/10
5月4日国际豆粕期货价钱收盘上涨,2012/5/10
饲料采购月底启动 豆粕仍是明星品种,2012/5/10
4日年夜连油厂豆粕报价及库存开机状况,2012/5/10
投契资金挺粕压油 油脂类短线空单持有,2012/5/10
5月3日国际豆粕期货价钱收盘下跌,2012/5/10
5月3日国内各地域油厂豆粕最新报价,2012/5/10
江西南昌地域豆粕价钱较上周小幅下跌,2012/5/10
5月2日国际豆粕期货价钱收盘下跌,2012/5/10
成本迅速晋升将会敦促国内豆粕价钱补涨,2012/5/10
5月1日国际豆粕期货价钱收盘下跌,2012/5/10
4月26日国际豆粕期货价钱收盘上涨,2012/5/9
,2012/5/3
,2012/4/22
14年头一回中粮进口6万吨美国转基因玉米-油脂,2012/4/22
7月15日国家粮油信息中心：大豆豆油市场趋势指数-油脂,2012/4/22
大豆完美搭配营养价值高,2012/3/20
黑龙江大豆价格持续上涨,2012/3/15
东北及港口豆价稳中偏强&;豫皖开始回落,2012/3/15
预计3月份黑国产大豆将以稳定或震荡小涨运行,2012/3/15
东北及港口大豆稳中偏强 豫皖开始回落,2012/3/14
上周安徽滁州大豆食用油价基本平稳,2012/3/14
3月份黑龙江国产大豆行情涨势将放缓,2012/3/14
两因素助黑龙江大豆价格持续上涨,2012/3/14
中纺集团湛江两家工厂运营良好,2012/3/14
3月13日30万吨国家临储大豆全部流拍,2012/3/13
中国大豆进口连续第三个月下降,2012/3/13
3月份中国大豆市场供需平衡表预测,2012/3/9
大范围降雪 黑龙江大豆购销基本停止,2012/3/9
以科技推进大豆产业发展,2012/3/9
2011年产区大豆中等以上比例提高,2012/3/7
黑龙江省500万推广大豆根瘤菌技术,2012/3/7
科技支撑广西大豆做大做强,2012/3/5
农业部首度公布进口转基因农产品名单,2012/3/5
黑龙江省11年产大豆保有数量明显下降,2012/3/5
中国大豆面临突破重围挑战,2012/3/5
11年产区大豆等级比例较上年明显提高,2012/3/2
黑龙江贸易商大豆收购及出省外运增加,2012/3/2
黑龙江大豆市场有价无市局面开始显现,2012/3/1
民乐万吨大豆蛋白深加工项目开工,2012/3/1
贸易商称市场担忧大豆供应,2012/3/1
东凌粮油大豆加工业亏损,2012/2/29
2月28日30万吨国家临储大豆全部流拍,2012/2/28
27日国家临储跨省移库大豆竞价销售交易公告,2012/2/27
黑龙江6700多万亩农田严重受旱,2012/2/27
我市扶持中方企业从俄进口大豆,2012/2/24
截至1月底中储粮总公司储存逾150万吨大豆,2012/2/22
黑龙江大豆贸易活跃&;企业收购有限,2012/2/21
金龙鱼概念繁多价值存疑 大豆卖出橄榄价,2012/2/21
国产大豆出路何在,2012/2/21
国内油厂大豆加工恢复小幅盈利,2012/2/20
"中国将进口1,340万吨美大豆",2012/2/20
央企组团43亿美元采购美大豆,2012/2/17
2月大豆进口量料环比减少14%至397万吨,2012/2/16
我国大豆产业抵御外资冲击方案上报国家,2012/2/15
2月14日国家30万吨临储移库大豆全部流拍,2012/2/14
进口大豆压榨利润：油厂压榨逼近盈亏平衡点,2012/2/13
2月13日国家临储跨省移库大豆竞价销售交易公告,2012/2/13
"完善国标,食用油安全刻不容缓",2012/2/8
适当增加大豆进口有利中国农业发展,2012/2/8
美国农业部称出口商向摩洛哥出售2万吨豆油,2012/2/8
黑龙江2012年大豆播种面积或继续下滑,2012/2/8
商务部预告2月份进口大豆到港371.17万吨,2012/2/8
2011年前20强压榨企业进口大豆数量,2012/2/7
黑龙江垦区12年农作物播种面积达4260万亩,2012/2/7
政策支持国内企业建立境外食用油加工基地,2012/2/6
"市场需求低迷,黑龙江省大豆市场购销冷清",2012/2/3
11年黑秋后降水偏少，受旱面积在6064万亩,2012/2/3
商务部预计中国1月进口大豆529万吨,2012/2/3
中国12年大豆压榨产能料增长逾1200万吨,2012/2/2
国内油厂大豆采购价持稳,2012/2/2
油脂压榨产能集中度将进一步提高,2012/2/1
关于2012年春节期间休市安排的通知,2012/1/18
东北部分地区大豆收购价整体稳定,2012/1/17
我国将稳定传统大豆油生产,2012/1/16
镇江口岸进口船载大豆大幅增长,2012/1/16
2011年中国主要粮油作物面积和产量预测,2012/1/16
中国2015年食用植物油产量增至2440万吨,2012/1/16
一月份中国大豆进口可能达到457万吨,2012/1/14
中国11/12年度大豆进口量料为5600万吨,2012/1/13
良友新港吞吐粮油700万吨,2012/1/12
中国港口大豆库存高达680万吨&;上涨将承压,2012/1/12
黑龙江省部分地区国储大豆收购量攀升,2012/1/10
11月进口大豆570万吨食用油67万吨,2012/1/6
黑龙江大豆收购价格较前期变化不大,2012/1/5
中国计划2012年扩大玉米大豆等进口量,2012/1/5
外资转基因油品破坏中国大豆油脂产业,2012/1/5
国家对玉米和大豆实行临时收储,2012/1/4
"龙江大豆产业链崩溃,油脂企业陷难解循环",2012/1/4
国内大豆价格大体稳定，市场购销不旺,2012/1/4
大豆蛋白加工企业欲抱团应对不利局面,2011/12/31
第四季度德州大豆价格上涨,2011/12/30
中国购进六万吨进口大豆,2011/12/28
新兴产业大豆蛋白加工出口量占全球50％,2011/12/27
国家粮食局等部门下发通知-临时存储大豆,2011/12/27
十二月份中国大豆进口可能达到612万吨,2011/12/26
黑龙江豆油市场维持不变 购销持续恢复,2011/12/25
CBOT：12月24日国际豆粕期货价钱收盘上涨,2011/12/25
金龙鱼回应使用转基因大豆&;称其食用油安全,2011/12/23
台湾BSPA招标买入5万吨美国大豆,2011/12/22
目前黑龙江省启动大豆收购库点167个,2011/12/21
国家临储跨省移库大豆竞价销售交易详情,2011/12/20
国家临储跨省移库大豆竞价销售交易公告,2011/12/19
黑大豆水稻两大品种的国家收购陆续进入高潮,2011/12/19
粮油中心预估11/12年中国进口大豆5600万吨,2011/12/15
40万吨巴西大豆年底抵达重庆,2011/12/15
大豆专家汇聚山东嘉祥研讨大豆产量突破问题,2011/12/15
2011年玉米播种面积增长&;大豆和油菜籽下滑,2011/12/15
2011年中国大豆压榨能力集团机构排名,2011/12/12
中国11月进口大豆环比增加49.6％,2011/12/12
黑龙江打响国产非转基因大豆保卫战,2011/12/12
截至11月29日黑龙江大豆已销售近三成,2011/12/9
近期中国大豆进口量或将增加-油世界,2011/12/7
12月6日国家临储移库大豆竞售全部流拍,2011/12/6
国家临储移库大豆竞价销售交易会公告,2011/12/6
黑龙江大豆购销行情临储政策出台提振,2011/12/5
本周山东德州市场蛋白大豆价格下跌,2011/12/5
食用油企已连亏9月&;加工一吨进口大豆亏370元,2011/12/5
黑龙江大豆市场购销平淡&;收购价格有所下降,2011/12/2
黑龙江大豆价格持稳&;各地收购量略增,2011/12/2
福建福州各类油脂产品及大豆价格报价,2011/12/1
安徽黄山大豆平稳&;食用油价略跌,2011/12/1
进口豆抢据国内九成市场&;国产豆加速边缘化,2011/11/29
安徽灵璧县大豆上市量少&;成交价平稳,2011/11/29
黑龙江少数大豆加工企业维持收购生产,2011/11/29
中国大豆进口需求有所恢复,2011/11/29
本周山东德州大豆现货市场购销冷淡,2011/11/28
黑龙江省大豆收购价小幅回升购销冷清,2011/11/25
重庆粮食集团5亿在巴西投资建大豆基地,2011/11/25
大豆新品种“东生6号”通过国审,2011/11/24
台湾已进口巴西55000吨大豆,2011/11/24
俄专家盛赞大豆产业技术体系岗站对接模式,2011/11/24
国家临储跨省移库大豆竞价销售交易详情,2011/11/22
国家临储跨省移库大豆竞价销售交易公告,2011/11/21
11/12年中国采购美豆1380万吨，下降27.5%,2011/11/21
"黑龙江大豆预估产量485万吨,占压榨量4%",2011/11/18
黑龙江省大豆收购价持续下跌购销冷清,2011/11/18
宁波大豆进口量减价增,2011/11/18
"今年大豆进口总量料降,市场唱多新年度需求",2011/11/18
2011年四季度中国的大豆进口有望提高,2011/11/18
国家粮油信息中心预估黑大豆产量为485万吨,2011/11/18
安徽大豆种植效益企稳略升&;市场看好,2011/11/17
中国储备粮管理总公司购入50万吨美国大豆,2011/11/17
四川农大带状复合种植新模式给力大豆生产,2011/11/17
黑龙江大豆价格涨不过成本&;种植剧减,2011/11/17
进口低价豆逼停黑龙江八成油脂厂,2011/11/17
黑龙江大豆油遭新品种“围攻”风光不再,2011/11/16
中国2011年四季度大豆进口有望增加,2011/11/16
2011年前10个月漳州大豆进口增长近六成,2011/11/15
中国2011年进口大豆预计达5200万吨,2011/11/14
种植面积缩减&;黑龙江大豆期待再振兴,2011/11/14
上周黑龙江省大豆市场购销继续冷清,2011/11/14
南充：阆中被纳入国家大豆产业技术体系,2011/11/14
黑龙江地区大豆行情等待迎接春暖花开,2011/11/11
前3季度黑龙江省进口大豆数量明显下降,2011/11/10
吉林省建立起杂交大豆育种技术体系,2011/11/10
东北大豆涨价三四成&;食用油价年底前或走高,2011/11/9
2012年中国大豆压榨产量将达1.25亿吨,2011/11/8
大豆收购季调查&;新豆上市购销却停滞,2011/11/8
11月8日国家临时存储移库大豆竞价交易结果,2011/11/8
龙江各地大豆收购存差异&;价格震荡回落,2011/11/7
国家大豆产业技术现场交流会在仁寿县召开,2011/11/4
“四改、五统一”自贡：20万亩冬大豆丰收,2011/11/3
黑龙江省大豆收获快报及豆类行情快讯,2011/11/3
大豆间套作交流会在四川仁寿召开,2011/11/1
安徽大豆平稳开市&;后市或小幅上升,2011/11/1
黑龙江大豆购销几近停滞,2011/11/1
大豆种业界院士工作站发力“产学研”,2011/10/31
苏检验检疫局邮件办连续查获三批转基因大豆,2011/10/31
截至10月28日中国大豆主产区现货价持稳,2011/10/31
截至10月28日当周中国大豆主产区现货价持稳,2011/10/30
明年不围着大豆打转转了,2011/10/30
黑龙江水稻种植区北移&;大豆再次受挤压,2011/10/30
2012年中国国际大豆食品加工技术及设备展,2011/10/30
四川成南方套作大豆发展典型,2011/10/30
黑龙江大豆开秤价格同比涨0.4元/公斤,2011/10/30
农业部：全国秋粮收获近九成秋冬播已过六成,2011/10/30
黑龙江省三大品种粮开秤&;价格均高于去年同期,2011/10/30
25日国家临储移库大豆竞价销售仍流拍,2011/10/30
安徽黄山大豆平稳&;食用油价小幅下跌,2011/10/30
土豆或解玉米深加工产能困局？,2011/10/30
国家临储跨省移库大豆竞价销售交易公告,2011/10/30
中国将增加进口阿根廷大豆,2011/10/30
十堰市大豆新品种引进试验获成功,2011/10/30
山东德州大豆价格基本平稳&;销售迟缓,2011/10/30
中国2011/12年度大豆进口或将触及6000万吨,2011/10/30
业界分析：中国将增加进口阿根廷大豆,2011/10/30
华北大豆油厂整体处于开机状态,2011/10/19
中国将在第四季度增加美豆进口,2011/10/19
10月中旬浙江衢州大豆价格震荡下行,2011/10/18
山东大豆油厂多数处于开机状态,2011/10/18
关于国家大豆临储的一些市场消息收集,2011/10/18
美国大豆出口检验周报：本周对我国装运2船,2011/10/18
截至10月14日当周中国大豆价格持稳,2011/10/17
山东青岛港口进口大豆分销价格小幅上涨,2011/10/14
本周山东德州大豆市场价格基本平稳,2011/10/14
部分豆浆含有转基因大豆成分,2011/10/14
中国在第四季度料将增加美豆的进口,2011/10/14
9月我国进口大豆413万吨食用油57万吨,2011/10/14
10月14日黑龙江集贤友谊地区大豆报价:稳定,2011/10/14
10月份中国大豆市场供需平衡表预测,2011/10/13
黑龙江新季大豆收割结束&;上市价格高开,2011/10/13
国内压榨企业持续亏损&;大豆进口将降,2011/10/13
中国进口玉米、豆油和大豆用于国家储备,2011/10/13
重庆粮食集团首批巴西大豆油本月进超市,2011/10/12
高产高价&;南方大豆利润翻番,2011/10/12
大垦区推广大豆种植新技术增产２０％,2011/10/12
重庆粮食集团首批巴西大豆出油,2011/10/12
30万吨大豆再流拍，油厂利润跌至负数,2011/10/12
山东青岛港口进口大豆分销价格稳中有涨,2011/10/11
截至10月10日黑龙江大豆收获基本结束,2011/10/11
11日30万吨国家临时存储移库大豆全部流拍,2011/10/11
11年秋季黑龙江大豆玉米东线考察报告,2011/10/11
华东地区大豆油厂开工正常,2011/10/10
2011第六届国际油脂油料大会将在广州召开,2011/10/10
国庆节后&;安徽黄山大豆、食用油价平稳,2011/10/10
10月10日黑龙江集贤友谊地区大豆豆粕报价:涨,2011/10/10
黑龙江秋收完成近九成&;大豆已达98％,2011/10/10
黑龙江大豆收获快报及国庆间豆类行情,2011/10/9
"农户惜售,黑龙江新豆逆市走高",2011/10/9
2011年第三季度德州大豆价格平稳,2011/10/8
国庆前夕&;安徽蚌埠大豆食用油价平稳,2011/10/8
本周安徽滁州市场大豆食用油价平稳,2011/10/8
国家临储跨省移库大豆竞价销售交易公告,2011/10/8
农业部：全国大豆秋收已7388万亩&;完成65.2％,2011/10/8
预计油厂10月开工率高于60%,2011/10/8
七台河地区大豆总产下滑&;农民惜售加剧,2011/9/30
截至28日黑龙江省大豆收获已完成69％,2011/9/29
大豆颓势难返&;贸易主体策略各异,2011/9/29
重庆首批境外种植的大豆运回国内,2011/9/29
农户惜售新豆开秤价超2元,2011/9/29
黑龙江大豆收获已完成应收面积的58％,2011/9/28
国庆临近&;浙江衢州大豆略跌&;食用油持稳,2011/9/28
新大豆上市&;国产大豆危机再次提起,2011/9/28
中国11/12年豆油棕榈油和大豆进口量将增加,2011/9/28
中黄35创黄淮海地区大豆单产纪录,2011/9/27
香港永和豆浆今日被检出转基因大豆成分,2011/9/27
黑龙江大豆危情再现：产量大降价格升,2011/9/27
国庆临近&;安徽滁州大豆食用油价平稳,2011/9/26
收购形势改变农民种植模式,2011/9/26
黑龙江大豆品级的提升源于良好生长期条件,2011/9/26
龙门农场大豆创历史最高产量,2011/9/23
广西地区大豆油厂开工情况一般,2011/9/22
协会建议今年大豆收储价格定为2.3元/斤,2011/9/22
"黑龙江大豆危情再现,&;产量降幅或达三成",2011/9/22
大豆考察:粮库欲重拾大豆贸易,2011/9/22
大豆考察:贸易商看好大豆后市,2011/9/21
大豆考察:大豆难觅踪迹作,2011/9/21
9月20日国家临时存储移库大豆全部流拍,2011/9/20
黑龙江垦区大豆增产有望,2011/9/20
湖北地区大豆开始陆续上市销售,2011/9/20
黑牛食品3亿投大豆饮品项目,2011/9/19
黑龙江省大豆收获快报及豆类行情快讯,2011/9/16
中秋期间&;安徽黄山大豆食用油价平稳,2011/9/16
2011年9月16日黑龙江省北安市大豆收购情况,2011/9/16
黑龙江11年大豆长势及质量、产量、价格预测,2011/9/15
浙江衢州大豆平稳&;食用油振荡整理,2011/9/15
"美私人出口商报告向中销售106,000吨美大豆",2011/9/15
黑龙江省黑河市大豆质量好于去年&;价格看涨,2011/9/15
2011年黑龙江省北安市大豆收购情况分析,2011/9/15
洋&quot;豆你玩&quot;:少进口200万吨多花37亿美元,2011/9/15
龙江部分地区大豆进成熟后期即将收获,2011/9/14
中秋期间&;安徽滁州大豆食用油价平稳,2011/9/13
中国年度大豆进口预估为5650万吨,2011/9/13
美国大豆出口检验：本周对我国装运4船大豆,2011/9/13
黑龙江省大豆长势及豆类市场行情快报,2011/9/8
美大豆出口检验周报分析：本周对我国装2船,2011/9/7
8月进口大豆到港量385万吨,2011/9/6
9月6日国家临储移库大豆竞价销售首现成交,2011/9/6
黑龙江地区大豆单产可能降至1.55吨/公顷同比降低,2011/9/6
中粮因价格偏高推迟部分大豆进口采购,2011/9/6
商务部维持8月进口大豆到港量385万吨,2011/9/6
9月6日竞拍30万吨移库大豆,2011/9/5
安徽大豆面积锐减&;新豆回落空间有限,2011/9/5
中国与阿根廷积极推动大宗农产品直接贸易,2011/9/5
安徽凤阳大豆种植14.28万亩&;同比略增,2011/9/2
美对华大豆出口最新统计:对华销售同比增加,2011/9/2
大豆重迎茬减产原因与机理的研究,2011/9/1
黑龙江大豆长势及豆类市场行情快报,2011/9/1
"台湾BSPA买入60,000吨巴西大豆--贸易商",2011/8/31
中国很快将提高大豆采购量,2011/8/31
美国大豆出口检验：本周对我国装运2船大豆,2011/8/30
8月29日日照地区油脂油料行情及库存状况,2011/8/30
沿海油厂大豆压榨前景仍不乐观,2011/8/29
八月份德州大豆价格涨跌互现,2011/8/29
8月23日30万吨国家临储移库大豆全部流拍,2011/8/23
临储30万吨大豆竞价销售连续第12次流拍,2011/8/23
本周德州蛋白豆价格略有下跌,2011/8/22
大豆定向销售被证实&;价格或在3500左右,2011/8/20
台湾暴两例口蹄疫&;情况已解决,2011/8/12
黑龙江省大豆长势及豆类市场行情快报,2011/8/12
农业部：连续两年种子质检不合格企业严惩,2011/8/12
扬大博士高红明收集40多个大豆品种,2011/8/11
东北大豆产区主要竞争作物种植收益情况,2011/8/11
商务部上调8月进口大豆到港量至385万吨,2011/8/11
【看大豆】永和豆浆：&;准备全世界推广,2011/8/10
看外资围剿中国非转基因大豆，挥师东北,2011/8/10
镇江口岸首次进口乌拉圭大豆,2011/8/10
9日国家临储移库大豆竞价销售交易详情,2011/8/9
2011年8月9日国家临时存储大豆竞价交易结果,2011/8/9
2011上半年油脂加工集团平均开功率58%,2011/8/8
8月9日-11日国家政策性粮食竞价销售交易会公告,2011/8/6
"食用油上调报价,&;油脂三剑客全线上涨",2011/8/3
"金龙鱼食用油提价约5%,&;中粮观望",2011/8/3
8月2日继大豆流拍后，国临储小麦流拍,2011/8/2
400万吨大豆定向销售搅动市场神经,2011/8/2
七月山东德州地区油用大豆价格下跌,2011/8/1
30万吨临储大豆为何流拍？,2011/7/29
国家定于7月26日竞价销售大豆30万吨,2011/7/26
7月25日黑龙江省部分地区大豆市场收购价格动态,2011/7/25
传闻国家再定向抛储400万吨大豆,2011/7/19
7月12日30万吨国家临储大豆全部流拍,2011/7/13
"“限价令”到期,&;食用油价“按兵不动”",2011/7/6
大商所考察团:黑龙江种植成本大幅上升,2011/7/5
进口大豆压港严重，宁交百万滞期费不提货,2011/7/4
成本上涨食用油限价&;油企被迫停产止损,2011/7/4
限价令或延长，食用油企不堪其重,2011/6/30
临储30万吨大豆竞价销售第八次流拍,2011/6/28
农业部宣布全国夏粮增产已成定局,2011/6/22
考察团:大豆遇冷落&;玉米受追捧,2011/6/20
东线考察团:国产大豆种植遭到毁灭性打击,2011/6/17
黑龙江大豆有望第一个进入台湾市场,2011/6/16
黑龙江东部大豆遭冷落水稻成新宠,2011/6/16
黑龙江大豆种植面积减少明显,2011/6/16
6月14日黑龙江省部分地区大豆价格上涨,2011/6/15
大豆再流拍&;另类市场下限价令或仍延期,2011/6/14
6月14日30万吨临储大豆全部流拍,2011/6/14
6月10日国内部分油厂大豆库存情况,2011/6/13
6月14日国家临储移库大豆竞价销售交易公告,2011/6/13
黑龙江大豆生长遭遇威胁&;价格止跌上涨,2011/6/13
中国5月进口大豆456万吨,2011/6/10
贸易商亏本抛售大豆&;&;套现资金高息放贷,2011/6/10
6月10日黑龙江地区省储大豆将竞价销售3.43万吨,2011/6/9
秋作争地玉米“力压”大豆,2011/6/9
大豆进口数量剧增，粕类库存严重超标,2011/6/9
国内农产品全面滞涨&;大跌仍不易,2011/6/9
天气配合&;大宗农产品普遍回落,2011/6/8
本周山东德州大豆现货市场交易好转,2011/6/7
全球农产品连月飙涨&;牛途背后不只“气象市”,2011/6/7
6月3日定于在黑龙江竞价销售的3.43万吨大豆全部流拍,2011/6/7
省储大豆流拍&;限价令到期暂无行情回应,2011/6/7
黑龙江省将于6月3日竞价销售3.43万吨省储大豆,2011/6/7
旱灾和供需趋紧&;国内农产品或继续上涨,2011/6/7
农业部：上周国际市场多数农产品价格环比上涨,2011/6/7
国储第三批油脂油料定向投放已经确定,2011/6/7
库存压力仍在&;大豆压榨利润未好转,2011/6/1
临储大豆多次流拍&;市场面临左行或右转,2011/5/31
国内大部分油厂利润持续下滑及亏损,2011/5/31
31日国家临储移库大豆竞价销售交易全部流拍,2011/5/31
国家调研组来黑龙江省调研大豆产业,2011/5/31
5月31日国家将竞价销售临储大豆30万吨,2011/5/30
截至5月27日一周中国主产区大豆价格持稳,2011/5/30
国储将投放212万吨大豆16万吨食用油,2011/5/30
CNGOIC调降中国大豆进口预估至5300万吨,2011/5/30
五月份山东德州地区大豆现货价格下跌,2011/5/30
国内大豆价格混乱&;有价无市,2011/5/30
5月27日黑龙江省储竞价销售大豆全部成交&;首现成交率,2011/5/30
广东地区部分油厂开工生产及库存情况统计,2011/5/30
江苏浙江部分油厂库存情况汇总,2011/5/30
广西地区部分大豆油厂库存及生产情况,2011/5/30
国内部分油厂开机情况汇总,2011/5/30
哈尔滨国家粮食交易中心将于5月27日竞价销售3.43万吨大豆,2011/5/30
黑龙江省储大豆多次流拍&;播种基本结束,2011/5/23
5月20日黑龙江地储竞价销售3.43万吨大豆全部流拍,2011/5/20
中粮佳悦项目下月投产，预计年加工大豆132万吨,2011/5/20
5月20日哈尔滨国家粮食交易中心将竞价销售3.43万吨大豆,2011/5/19
天气炒作再升温&;粮价进入敏感窗口期,2011/5/17
政策竞拍：临储大豆多次流拍&;低迷市场仍将延续,2011/5/17
5月17日国家临储移库大豆竞价销售交易全部流拍,2011/5/17
17日国家临储大豆竞价销售交易会公告,2011/5/16
"台湾早餐大豆采购协会买入60,000吨巴西大豆",2011/5/13
5月13日黑龙江省储大豆竞价交易全部流拍,2011/5/13
我国进口大豆数量5年来首降,2011/5/13
5月13日哈尔滨国家粮食交易中心将竞价销售3.43万吨大豆,2011/5/12
截至10日黑龙江省大豆播种已完成六成,2011/5/11
5月9日辽宁部分大豆油厂库存及生产情况,2011/5/10
4月份中国进口大豆388万吨植物油49万吨,2011/5/10
5月6日黑龙江省储大豆竞价销售交易再次流拍,2011/5/6
台湾早餐大豆采购协会(BSPA)购入6万吨巴西大豆,2011/5/5
5月4日浙江衢州大豆价格下落回调,2011/5/4
5月4日国家临时存储移库大豆299972吨全部流拍,2011/5/4
4日国家临储移库大豆竞价销售交易公告,2011/5/3
截止4月28日山东部分地区大豆市场行情价格本月呈下跌状况,2011/4/29
4月29日黑龙江省储大豆竞价交易全部流拍,2011/4/29
国内大豆种植面积意向调查报告,2011/4/29
哈尔滨国家粮食交易中心将于4月29日竞价销售3.43万吨,2011/4/29
29日举行的黑龙江省储大豆竞价销售交易会公告,2011/4/28
近日安徽蚌埠大豆、食用油价基本平稳,2011/4/27
种植面积之争大豆或将“败北”,2011/4/27
发改委产业结构调整目录限制涉玉米和大豆,2011/4/27
政策竞拍：22日黑龙江省储大豆交易再次全部流拍,2011/4/26
黑龙江省大豆收购价格4月25日稳中略跌,2011/4/26
中国政府将限制外资进入粮食收储和加工市场,2011/4/25
中国大豆进口放缓&;美豆出口面临竞争,2011/4/25
黑龙江省储大豆交易再次全部流拍,2011/4/25
4月22日黑龙江省储大豆交易再次全部流拍,2011/4/23
饲料展会：李希荣做《大豆供求形势》报告,2011/4/22
中国大豆蛋白产品输欧遇麻烦,2011/4/22
4月21日黑龙江省大豆市场收购价格动态,2011/4/21
21日安徽灵壁豆价平稳,2011/4/21
21日湖南张家界大豆收购动态,2011/4/21
2010年12月10日港口进口大豆最新船期预报,2011/4/21
1月11日国家临储大豆竞价交易全部流拍,2011/4/21
内忧外患&;国产大豆将何去何从？,2011/4/21
2010年12月7日港口进口大豆最新船期预报,2011/4/21
媒体：大豆植物油进口量将维持高位,2011/4/21
第181期国家粮油信息中心：大豆豆油市场趋势指数,2011/4/21
国家储备商品税收政策不适用于临储,2011/4/21
截至12月9日一周中国大豆市场需求趋势指数为48.8,2011/4/21
部分超市价格未变，食用油遭炒作涨价质疑,2011/4/21
2009年国家收购大豆政策基本确定,2011/4/21
明年中国将持续强劲的大豆进口态势,2011/4/21
2009年大豆、玉米临储收购细节,2011/4/21
18日国储大豆第17次拍卖即时播报,2011/4/21
28日国储大豆第14次拍卖有成交,2011/4/21
4日国储大豆第15次拍卖有成交,2011/4/21
洋大豆抢摊，广东大豆进口前九月量增价跌,2011/4/21
21日国储大豆第13次拍卖有成交,2011/4/21
9月30日国家临时存储大豆竞价交易清单及时间预估,2011/4/21
30日国储大豆第11次拍卖有成交,2011/4/21
14日国储大豆第12次拍卖即时播报,2011/4/21
大商所：黑龙江大豆生产情况考察,2011/4/21
第1-18次国储大豆拍卖链接及结果汇总,2011/4/21
16日国储大豆第九次拍卖有成交,2011/4/21
12日国储大豆第四次拍卖有成交,2011/4/21
19日国储大豆第五次拍卖有成交,2011/4/21
9日国储大豆第八次拍卖成交放量,2011/4/21
5日国储大豆第三次拍卖即时播报,2011/4/21
中国暂停玉米深加工企业收购增值税抵扣政策,2011/4/20
中国基本农田稳定在15.6亿亩,2011/4/20
关于中央储备粮油2009年至2010年进口税收政策的通知,2011/4/20
29.88万吨移库大豆全部流拍,2011/4/19
19日将拍卖30万吨临储移库大豆,2011/4/18
黑龙江省大豆收购价格4月14日略跌,2011/4/14
中储粮澄清三大粮油央企重组传闻，整合主体不含中储棉,2011/4/14
中国将加大国储大豆低价拍卖力度来扶持榨油企业,2011/4/13
黑龙江省将于4月15日竞价交易2.07万吨省储大豆,2011/4/13
300万吨国储豆将以3500元/吨开售,2011/4/13
4月13日国内大豆现货动态,2011/4/13
中国可能面临持续较大的通胀压力,2011/4/13
4月12日东北主要地区、油厂大豆行情价格动态,2011/4/12
4月12日集贤油厂豆价平稳,2011/4/12
4月12日甘南地区油厂豆价稳定,2011/4/12
12日蒙古乌兰浩特油厂豆价持稳,2011/4/12
黑龙江油厂豆粕库存较高&;需求不旺,2011/4/11
黑龙江油厂开工减少&;豆油购销不旺,2011/4/11
4月8日黑龙江省储大豆再次全部流拍,2011/4/8
4月8日黑龙江省储大豆竞价交易会公告,2011/4/7
年内二度加息&;意在应对高的物价压力,2011/4/7
张东升：二季度商品市场全面看涨,2011/4/6
山东口岸入境转基因大豆首次残损索赔成功,2011/4/2
4月1日黑龙江省储大豆再次全部流拍,2011/4/1
2010年消费者对食用油满意度下降,2011/3/29
3月25日黑龙江省储大豆竞价交易会公告,2011/3/25
中粮佳悦大豆加工项目下月天津投产,2011/3/24
农业部：上周国际农产品市场价格环比全面下跌,2011/3/23
3月22日国家临储大豆竞价交易全部流拍,2011/3/23
中粮120万吨大豆加工项目进入试投产,2011/3/22
3月22日国家临储大豆竞价销售30万吨,2011/3/21
东北三省最大的豆腐生产线落户哈尔滨,2011/3/19
外围承压&;今日黑龙江省大豆再流拍,2011/3/18
17日国内进口大豆港口分销价格稳定,2011/3/17
2月生猪存栏环比略降&;同比略增,2011/3/17
加大对种子市场监管&;防止价格大幅波动,2011/3/17
大豆播种面积或缩水&;豆农欲改种玉米,2011/3/17
3月18日黑龙江省储大豆竞价交易公告,2011/3/17
昨日河南省豫粮集团在郑州正式揭牌,2011/3/17
豆贱伤农&;今年种植面积预减11%,2011/3/17
3月11日黑龙江省储大豆竞价销售交易公告,2011/3/11
3月11日黑龙江省储大豆竞价销售再次流拍,2011/3/11
3月8日国家临储大豆竞价交易全部流拍,2011/3/9
3月8日国家临储大豆竞价销售30万吨,2011/3/8
"益海嘉里欲在中国上市,被指操纵粮食价格",2011/3/8
3月4日黑龙江省储大豆竞价交易公告,2011/3/4
重庆国企投百亿巴西建大豆基地,2011/3/1
中国暂无下调农产品进口税率计划,2011/2/25
2月25日黑龙江省储大豆竞价销售交易公告,2011/2/23
2月22日国家临时存储移库大豆竞价交易结果,2011/2/23
2月22日国家临时存储大豆竞价销售交易公告,2011/2/22
商务部：中国或将采取各种措施促进大宗商品进口,2011/2/21
2月18日黑龙江省储大豆竞价销售交易公告,2011/2/18
近年部分地区新增大豆压榨产能分析,2011/2/17
内外价倒挂&;中储粮临储大豆迎出库良机,2011/2/14
2月11日黑龙江省储大豆竞价销售交易公告,2011/2/10
农业机构：巴西大豆产量有望达到7030万吨,2011/1/28
九三粮油零供背后&;小包装油成本倒挂,2011/1/27
1月25日国家临时存储移库大豆交易结果,2011/1/25
1月25日国家临储大豆竞价销售30万吨,2011/1/25
商务部上调1月进口大豆预报到港量,2011/1/24
中国2010年粮食总产量达到54641万吨同比增长2.9%,2011/1/21
1月21日黑龙江省储大豆竞价销售交易公告,2011/1/19
35万吨大豆45万吨油菜籽将向压榨企业释放,2011/1/18
1月14日黑龙江省储大豆竞价销售成交率7.27%,2011/1/17
1月14日黑龙江省储大豆竞价销售交易公告,2011/1/14
"大豆刷新进口量新高,2010年进口5480万吨",2011/1/11
1月11日国家临储大豆竞价销售30万吨,2011/1/10
日照口岸大豆进口量居全国沿海港口首位,2011/1/10
1月7日黑龙江省储大豆竞价销售全部流拍,2011/1/7
12月31日黑龙江省储大豆竞价销售全部流拍,2011/1/4
12月31日黑龙江省储大豆竞价销售交易公告,2010/12/31
12月28日国家临时存储移库大豆全部流拍,2010/12/29
商务部：国内十二月份大豆进口可能达到540万吨,2010/12/28
12月28日国家临储大豆竞价销售30万吨,2010/12/28
2010年1-11月黑龙江省进口大豆突破230万吨,2010/12/27
12月24日黑龙江省储大豆竞价销售全部流拍,2010/12/27
12月24日黑龙江省储大豆竞价销售交易公告,2010/12/24
十一月份中国大豆进口年比激增近90％,2010/12/24
中储粮等四央企联手反击美国推高国际粮价,2010/12/24
12月17日黑龙江省储大豆竞价销售全部流拍,2010/12/24
2010年黑龙江省大豆产量为585万吨，单产增加,2010/12/24
12月17日黑龙江省储大豆竞价销售交易公告,2010/12/24
12月14日国家临时存储移库大豆全部流拍,2010/12/24
30万吨临储大豆12月14日二度投放市场,2010/12/14
10日黑龙江省储大豆19.1万吨全部流拍,2010/12/13
11月大豆进口出现五个月来的首次增长,2010/12/13
商务部上调11月份进口大豆预报到港量,2010/12/13
12月份我国进口大豆到货量预计在484万吨,2010/12/13
10日黑龙江省储大豆竞价19.1万吨,2010/12/10
山东晨曦成就“大豆王”剑指200个亿,2010/12/7
12月3日黑龙江地储24.6万吨大豆拍卖成交5.5万吨,2010/12/7
12月3日国家临时存储大豆竞价销售交易会公告,2010/12/3
国家临时存储移库大豆交易8:30准时开市,2010/12/3
"大豆加盟“抛储大军”,年内首拍30万吨",2010/11/30
2010年11月底港口进口大豆最新船期预报,2010/11/30
黑龙江大豆收获结束产量或超800万吨,2010/11/24
11月下旬部分港口大豆船期预报情况,2010/11/24
调控政策发力&;大豆市场下行压力增强,2010/11/22
"黑龙江临储大豆收购启动,至明年4月30日",2010/11/19
黑龙江今年临储大豆收购政策宣传提纲,2010/11/19
受期货暴跌影响&;豆农惜售心态有松动,2010/11/18
黑龙江拍卖24.6万吨地方储备大豆,2010/11/18
地方储备大豆下周或开始拍卖,2010/11/12
袁隆平驰援&;国产大豆期待“浴火重生”,2010/11/10
黑龙江大豆上市数量持续增加&;购销活跃,2010/11/8
"国家临时收储新大豆价格为每吨3,800元",2010/11/4
国家确定新年度大豆收储价&;市场影响不大,2010/11/4
大豆临储价公布：每市斤涨3分,2010/11/2
中国最大商品粮基地黑龙江粮食总产突破千亿斤,2010/10/29
"中国大豆初榨产能将超过9,500万吨",2010/10/28
国储大豆收购价拟上调，每斤涨3分,2010/10/15
全国已完成大豆收获近九成,2010/10/12
"阿根廷2010/11年度大豆播种面积预计为1,870万公顷",2010/10/9
低价转基因大豆蜂拥而入&;中国豆农丰收面临尴尬,2010/10/8
截至4日黑龙江大豆收获5078万亩,2010/10/8
袁隆平攻关杂交大豆对抗美国转基因大豆,2010/9/30
发改委官员:粮价会保持基本稳定并略有上升,2010/9/25
黑龙江：“延期点价”解大豆困局,2010/9/15
中粮巨仓屹立临港，每筒仓可存储大豆1万吨,2010/9/9
黑龙江农民对今年新粮上市价格预期高,2010/9/9
传言黑龙江地区150万吨国储豆将抛售,2010/9/8
大豆产业振兴措施有望很快出台,2010/9/8
9月7日部分港口大豆船期预报情况,2010/9/7
代收库出粮玩“潜规则”&;中储粮被四部门下通牒,2010/9/7
宁高宁：我国大豆靠进口因单产量低,2010/9/6
商务部预计8月份中国进口大豆量将达到456万吨,2010/8/30
国家发改委主任:制止大豆压榨产能盲目扩张,2010/8/27
粮油信息中心:今年中国大豆总产1450万吨,2010/8/27
黑龙江将打造“龙江非转基因大豆”品牌,2010/8/26
吉林省大豆加工企业亏损或停产,2010/8/23
天津港口大豆进口量创下三百万吨新高,2010/8/20
重庆粮食集巴西大豆基地项目获发改委批准,2010/8/20
黑龙江大豆产量及品质预计好于去年,2010/8/20
我国采购美国新豆数量已经超过1000万吨,2010/8/18
大连口岸1至7月份大豆进口量为250.8万吨,2010/8/17
8月中国大豆进口量或达480万吨,2010/8/16
重庆粮食集团江苏大豆加工基地明年投产,2010/8/16
广西钦州三个大豆项目总投资达10亿元,2010/8/16
应对高粮价冲击&;中国须有两手准备,2010/8/12
国家大豆产业专家：东北大豆灾害补救要及时,2010/8/9
打造“龙江非转基因大豆”品牌,2010/8/3
黑龙江省将组建大豆加工企业集团,2010/8/3
黑龙江大豆市场8月2日交易情况有所好转,2010/8/2
中国大豆产量有望继续保持增长势头,2010/8/2
日照凌云海大豆加工项目建设顺利,2010/8/2
7月30日本周国内大豆豆油市场趋势指数,2010/7/30
张家港市大豆进口大幅增长,2010/7/29
黑龙江核查大豆加工企业防止虚报加工数量,2010/7/28
上半年黑龙江进口大豆106.2万吨,2010/7/27
黑龙江鼓励大豆加工企业兼并重组,2010/7/20
部分中国大豆压榨商停止运作，因利润下降,2010/7/19
现货大豆价格下滑，加工商停止采购当地大豆,2010/7/19
NOPA：6月份美豆压榨量降至1.262亿蒲式耳,2010/7/16
张家港：半年“吞”下大豆120余万吨,2010/7/15
黑龙江大豆产区考察：油厂陷入停工困局,2010/7/13
12日黑龙江大豆收购市场购销两淡,2010/7/12
9日黑龙江大豆收购市场有价无市,2010/7/9
8日黑龙江大豆收购市场有价无市,2010/7/8
黑龙江大豆进入始花期&;苗情好于往年,2010/7/8
黑龙江伊春豆价低迷&;长势良好,2010/7/7
CNGOIC:中国买家大量买进美国新作大豆,2010/7/5
大豆价格严重倒挂&;青岛海关呼吁控制进口,2010/7/5
新“卖油郎”中纺&;大豆压榨业二次洗牌主力,2010/7/5
农业部掀起转基因农产品全国检查风暴,2010/7/2
补贴停止国产大豆渐成政策弃儿,2010/7/1
大豆国储政策或将于10月份推出,2010/6/30
中纺集团抢滩广东湛江&;日加工大豆3000吨,2010/6/30
CNGOIC:中国6月大豆进口量将维持创纪录高位,2010/6/25
24日河南永城大豆收购有价无市,2010/6/24
集贤县非转基因大豆产品受青睐,2010/6/21
中粮集团高层回应海外种豆:没想象那么简单,2010/6/10
6月3日黑龙江省大豆市场行情快报,2010/6/3
来宝集团将在巴西投建大豆加工厂,2010/5/27
截至5月10日黑龙江大豆已出售71.15亿公斤,2010/5/25
重庆粮食集团巴西种大豆拟阿根廷再买地,2010/5/21
港口动态：6月大豆进口或创新高,2010/5/12
豆类期货暴跌后反弹，关注今晚报告,2010/5/11
5月10日进口大豆到中国港口车船板价格及海运费价格,2010/5/10
5月6日进口大豆到中国港口车船板价格及海运费价格,2010/5/6
东北大豆临储政策可能延续,2010/5/4
5月4日进口大豆到中国港口车船板价格及海运费价格,2010/5/4
4月30日进口大豆到中国港口车船板价格及海运费价格,2010/4/30
豆类将迎来季节性上涨行情,2010/4/29
4月29日进口大豆到中国港口车船板价格及海运费价格,2010/4/29
4月28日进口大豆到中国港口车船板价格及海运费价格,2010/4/28
天公阻挠东北春播　后期影响尚难定论,2010/4/27
涨势有理可依&;大豆无所畏惧,2010/4/27
4月23日黑龙江省大豆市场价格动态,2010/4/23
4月22日黑龙江省大豆市场价格动态,2010/4/22
4月21日黑龙江省大豆市场价格动态,2010/4/21
4月16日黑龙江省大豆市场价格动态,2010/4/16
4月15日黑龙江省大豆市场价格动态,2010/4/15
4月14日黑龙江省大豆市场价格动态,2010/4/14
4月13日黑龙江省大豆市场价格动态,2010/4/13
4月12日黑龙江省大豆市场价格动态,2010/4/12
4月8日黑龙江省大豆市场价格动态,2010/4/8
4月7日黑龙江省大豆市场价格动态,2010/4/7
4月6日黑龙江省大豆市场价格动态,2010/4/6
4月2日黑龙江省大豆市场价格动态,2010/4/2
4月1日黑龙江省大豆市场价格动态,2010/4/1
3月31日黑龙江省大豆市场价格动态,2010/3/31
油脂油料产业规划即将出台,2010/3/29
3月26日黑龙江省大豆市场价格动态,2010/3/26
3月24日黑龙江省大豆市场价格动态,2010/3/24
3月23日黑龙江省大豆市场价格动态,2010/3/23
3月18日黑龙江省大豆市场价格动态,2010/3/18
3月18日进口大豆到中国港口车船板价格及海运费价格,2010/3/18
3月17日黑龙江省大豆市场动态,2010/3/17
3月17日进口大豆到中国港口车船板价格及海运费价格,2010/3/17
3月16日内蒙扎兰屯大豆收购动态,2010/3/16
3月10日黑龙江省大豆市场价格动态,2010/3/10
国内部分港口进口大豆分销价格3月9日稳定,2010/3/10
3月9日黑龙江省大豆市场价格动态,2010/3/9
3月9日黑龙江大豆市场收购动态,2010/3/9
3日黑龙江省大豆市场价格动态,2010/3/4
安徽淮北地区大豆略跌&;食用油价持稳,2010/3/4
本土大豆企业急盼政策支持,2010/2/26
大豆自救的“互生悖论”,2010/2/25
豆企“联合自救”是出路,2010/2/25
外资控制国内大豆产业链&;行业协会上书攘外方案,2010/2/24
黑龙江豆企停产保卫战再打响,2010/2/24
"背靠一号文件,大豆产业“攘外”方案上报",2010/2/23
黑龙江大豆加工企业为何再度停产,2010/2/23
时隔4年&;进口大豆重现锦州港,2010/2/22
关注：黑龙江农户大豆玉米出售风险加大,2010/2/22
上海超市食用油降价一至两成,2010/2/22
我国大豆压榨厂继续增加规模扩大,2010/2/21
"中粮集团布阵陕西,&;百亿打造粮油基地",2010/2/5
九三粮油工业集团产销两旺业绩不俗,2010/2/5
黑龙江大豆市场骤冷,2010/2/5
中储粮欲抛20万吨大豆，或难觅买家,2010/2/5
大海粮油望成西南最大粮油加工基地之一,2010/2/4
"豆油价格下降无利,&;粮油商弃用国产大豆",2010/2/4
金龙鱼弃港上市计划，丰益国际不缺钱,2010/2/4
中储粮将销售20.84万吨中央储备大豆,2010/2/4
大豆抛储：扶农伤企？,2010/2/4
国粮局指导中储粮落实进口转储备计划,2010/2/3
国储即将开仓，国产大豆滞销再添压力,2010/2/3
辽宁锦州口岸再次获得接卸进口大豆资质,2010/2/2
"1号文件:适时采取临储政策,支持企业参与",2010/2/1
石家庄市场食用油“买赠”促销方式降价,2010/2/1
黑龙江持续开工油企不超过10家,2010/1/29
未来几周进口大豆将保持较高水平,2010/1/29
中国大豆买家更换船货，一船美豆遭扣押,2010/1/29
产区大豆收购进度可望提高,2010/1/28
"大豆压榨产能逼近亿吨,产业整合迫在眉睫",2010/1/28
大豆压榨企业上马忙，产能难抑冲亿吨,2010/1/27
春节前国内大豆油厂将保持较高开工率,2010/1/27
粮油信息中心：今年大豆年压榨能力料达1亿吨,2010/1/26
1.8亿三江油脂大豆深加工项目投产,2010/1/25
中储粮去年收购8937万吨粮油,2010/1/22
分析师称中国大豆进口将保持强劲态势,2010/1/19
秋粮收购：黑龙江商品大豆销售近半,2010/1/19
国家粮食局：粮食生产成本将进一步增加,2010/1/19
进口大豆持续到港&;豆粕及豆油供给量增加,2010/1/19
大豆基因组测序进入“冲刺阶段”,2010/1/18
大量进口大豆可能导致一季度供应过剩,2010/1/15
"大豆补贴名单13家变81家,整合博弈惠农",2010/1/15
豆企获补名单被挤水，7家小厂出局,2010/1/15
补贴2009年国产大豆东北大豆压榨企业名单,2010/1/14
中国大豆育种业陷重围,2010/1/13
央行决定1月18日起上调准备金率0.5个百分点,2010/1/13
进口豆高量入市，黑龙江豆价坚挺购销低迷,2010/1/12
09年末地方粮油储备同比分别增加2.8%和43%,2010/1/12
至5日黑龙江大豆出售219.5万吨,2010/1/11
国资委：央企慎入股市和期货等领域,2010/1/8
豆期货盘中跌停调查：中粮对决浙江系资金,2010/1/8
国家粮油信息中心：大豆豆油市场趋势指数,2010/1/7
争抢国家大豆补贴，东北油厂再现乱局,2010/1/7
国家粮食局:中国大豆主产区2009年大豆收获质量下降,2010/1/6
四川迈入大豆主产省行列,2010/1/6
美国大豆进口订货量过高，或造成供过于求,2010/1/6
政策预期助推农产品期货走强,2010/1/5
78家大豆加工企业暂被取消补贴资格,2010/1/5